workerid,customerid,customerrating,customerid2,customerrating2,customerid3,customerrating3,customerid4,customerrating4,customerid5,customerrating5
4008,4542,5,2390,5,3978,5,2143,5,2287,5
12837,3501,5,299,5,1178,5,696,5,2107,5
8675,1387,5,4320,5,2055,5,1033,5,2882,5
525,4271,5,4741,5,597,5,3846,5,2566,5
2456,98,5,2038,5,687,5,1336,5,736,5
9134,4915,5,2886,5,1731,5,617,5,1210,5
8517,598,5,1626,5,3297,5,2951,5,3124,5
12411,3390,5,2139,5,386,5,1176,5,4068,5
13833,1416,5,2239,5,3074,5,3915,5,4344,5
3280,4529,5,663,5,2906,5,2773,5,956,5
1687,2891,5,3282,5,2265,5,3479,5,4624,5
5549,3110,5,285,5,3789,5,2068,5,4742,5
7229,1600,5,546,5,4404,5,275,5,1668,5
7049,2855,5,2317,5,2682,5,4103,5,724,5
10559,1291,5,3216,5,1121,5,4940,5,1352,5
8992,2973,5,448,5,812,5,1997,5,734,5
7545,1563,5,4839,5,4173,5,4125,5,4217,5
5201,1361,5,3448,5,4904,5,123,5,1128,5
9612,1608,5,2180,5,945,5,2943,5,2798,5
11257,658,5,3366,5,1337,5,826,5,2295,5
796,192,5,1245,5,3534,5,4416,5,3516,5
7351,1422,5,2121,5,1911,5,1824,5,1511,5
11135,1520,5,4888,5,4204,5,457,5,3520,5
3820,1764,5,3260,5,401,5,247,5,1459,5
4973,3950,5,4377,5,4216,5,3690,5,1134,5
7741,995,5,567,5,981,5,3032,5,4627,5
2425,3172,5,1242,5,926,5,1486,5,3413,5
3805,482,5,3816,5,4040,5,3382,5,4193,5
8433,1133,5,2237,5,3651,5,1099,5,243,5
10120,1407,5,1532,5,4068,5,3764,5,4397,5
10783,2324,5,4065,5,364,5,3729,5,801,5
9554,2450,5,1015,5,896,5,4962,5,154,5
11822,3850,5,2517,5,3473,5,1314,5,4269,5
5323,3147,5,2146,5,4849,5,1895,5,911,5
11578,842,5,4865,5,3758,5,299,5,4375,5
4279,4142,5,3262,5,2050,5,4964,5,426,5
12596,188,5,2091,5,1334,5,3849,5,4756,5
8821,1518,5,3084,5,476,5,4728,5,2960,5
5605,4279,5,2358,5,3234,5,4973,5,1456,5
5559,1144,5,4999,5,2454,5,1755,5,2193,5
10010,905,5,522,5,724,5,3425,5,3123,5
1881,4446,5,4428,5,2331,5,2012,5,2596,5
6926,4024,5,1267,5,1403,5,1582,5,2943,5
12701,4323,5,4105,5,4990,5,1886,5,1005,5
10354,4743,5,321,5,1833,5,302,5,451,5
195,4845,5,2037,5,4615,5,319,5,1421,5
841,2863,5,1887,5,3463,5,3033,5,2349,5
6168,4355,5,2633,5,4780,5,2540,5,2244,5
2597,1264,5,816,5,2513,5,4090,5,2200,5
2766,4329,5,1068,5,1559,5,333,5,2757,5
3894,1736,5,4380,5,1631,5,2160,5,1862,5
10418,1101,5,3885,5,2423,5,4263,5,2056,5
11594,4131,5,1502,5,3201,5,2689,5,689,5
6280,2012,5,1158,5,3122,5,2510,5,1275,5
1801,163,5,3830,5,208,5,1577,5,32,5
11061,49,5,622,5,4762,5,4497,5,641,5
11737,2511,5,597,5,4655,5,285,5,1671,5
8684,4676,5,3519,5,1334,5,3512,5,4891,5
12539,4340,5,2211,5,841,5,3306,5,70,5
11892,477,5,1852,5,3494,5,2588,5,4145,5
9789,2526,5,3631,5,4452,5,2805,5,4933,5
11591,3010,5,1204,5,3203,5,3534,5,473,5
4558,252,5,3915,5,2010,5,426,5,4513,5
3894,1271,5,1945,5,1982,5,1955,5,3688,5
3587,1286,5,3016,5,4086,5,2699,5,2823,5
10429,4283,5,640,5,1650,5,690,5,3096,5
6827,4887,5,3817,5,4785,5,2502,5,2196,5
5524,1284,5,4638,5,2030,5,3188,5,4055,5
10264,4195,5,1144,5,930,5,3500,5,1422,5
8160,337,5,4596,5,2774,5,4842,5,2358,5
10110,84,5,3923,5,3773,5,1219,5,4871,5
10488,2206,5,3161,5,3169,5,4224,5,3244,5
5458,1443,5,4508,5,2939,5,3861,5,1972,5
10501,2040,5,1869,5,3034,5,4304,5,3116,5
3613,3631,5,2704,5,3688,5,3524,5,4478,5
8669,1070,5,718,5,2104,5,3916,5,473,5
9144,4161,5,3650,5,3411,5,1776,5,84,5
11465,3428,5,310,5,4419,5,4166,5,1994,5
11959,2150,5,2110,5,4153,5,480,5,65,5
13897,3549,5,1955,5,303,5,3775,5,838,5
6695,2920,5,1018,5,1470,5,1070,5,4737,5
1465,2129,5,2689,5,3626,5,3545,5,420,5
7015,1712,5,1246,5,2909,5,3796,5,2349,5
3156,1228,5,288,5,3945,5,302,5,124,5
13237,1366,5,1523,5,143,5,2114,5,3148,5
12042,3414,5,2907,5,1937,5,3103,5,662,5
3627,1685,5,2499,5,2444,5,1471,5,999,5
13146,4251,5,646,5,964,5,3118,5,4560,5
2991,1507,5,3432,5,719,5,2417,5,2855,5
7739,3393,5,864,5,1890,5,710,5,2981,5
3562,2090,5,1958,5,3822,5,1492,5,4824,5
9164,2794,5,2702,5,82,5,1301,5,4466,5
10725,4263,5,107,5,2053,5,2471,5,3624,5
11588,3297,5,2192,5,3531,5,183,5,3511,5
3740,3070,5,1847,5,4156,5,3890,5,3629,5
13208,1104,5,3458,5,3124,5,1765,5,4899,5
7448,395,5,3807,5,1935,5,3151,5,2003,5
5465,277,5,3858,5,2832,5,4935,5,3337,5
2893,3531,5,4736,5,2147,5,3206,5,3237,5
6354,2114,5,3141,5,2329,5,3418,5,581,5
5890,2143,5,2619,5,20,5,576,5,2847,5
3160,307,5,3229,5,1492,5,1080,5,3528,5
8821,4013,5,4345,5,2453,5,2168,5,4881,5
12494,2115,5,4474,5,1785,5,4080,5,2052,5
1268,2394,5,914,5,2992,5,4814,5,12,5
3225,1577,5,2406,5,2432,5,4255,5,3572,5
7751,1360,5,2313,5,1788,5,3899,5,2967,5
13159,207,5,2805,5,900,5,287,5,2429,5
12311,2965,5,4698,5,4632,5,3459,5,3411,5
6993,764,5,630,5,4152,5,3186,5,337,5
3734,3927,5,2379,5,2916,5,4175,5,1775,5
3207,988,5,4179,5,1042,5,4452,5,151,5
11897,1153,5,4075,5,2832,5,532,5,1809,5
2773,3999,5,1001,5,4645,5,13,5,1955,5
2276,2954,5,1957,5,2374,5,321,5,4235,5
5764,4531,5,1874,5,332,5,4875,5,1484,5
4811,1837,5,2113,5,4608,5,3135,5,1748,5
153,3081,5,1436,5,4217,5,914,5,4264,5
13123,2652,5,4927,5,1579,5,3683,5,47,5
8284,576,5,3362,5,4021,5,4179,5,3827,5
7600,851,5,1651,5,4055,5,4425,5,1641,5
5997,2288,5,2310,5,4407,5,3740,5,4117,5
11506,1813,5,517,5,4284,5,747,5,3173,5
7901,1650,5,2192,5,3509,5,2811,5,2415,5
13049,1287,5,1268,5,2116,5,848,5,339,5
3222,538,5,1125,5,3505,5,1704,5,4994,5
9118,2745,5,3271,5,37,5,1459,5,4719,5
13489,3430,5,2504,5,2899,5,4060,5,1323,5
1920,489,5,3682,5,4784,5,1217,5,4854,5
7018,4447,5,3714,5,251,5,2522,5,286,5
11868,3978,5,2873,5,4469,5,4529,5,3530,5
3931,466,5,1447,5,3029,5,4100,5,2672,5
10765,1776,5,1798,5,3445,5,1589,5,4791,5
9604,4018,5,2546,5,1405,5,1681,5,3146,5
3914,4684,5,3389,5,676,5,3803,5,2654,5
9631,3967,5,3562,5,3655,5,1487,5,2593,5
6039,4488,5,881,5,3907,5,191,5,630,5
756,4290,5,4852,5,860,5,3665,5,336,5
4902,150,5,157,5,2826,5,4204,5,1186,5
12929,788,5,4183,5,2060,5,4776,5,1385,5
12718,4068,5,331,5,1158,5,4132,5,1739,5
9905,4587,5,763,5,4019,5,27,5,705,5
5083,4898,5,1593,5,1857,5,163,5,3777,5
13977,644,5,1497,5,3342,5,2055,5,371,5
11084,2969,5,4240,5,241,5,186,5,4397,5
378,2038,5,1014,5,1125,5,4251,5,1809,5
8997,4758,5,4253,5,1988,5,823,5,1640,5
8633,1029,5,3540,5,2677,5,3263,5,1015,5
1164,2176,5,2327,5,3492,5,2852,5,2432,5
7530,1595,5,3784,5,3608,5,4090,5,1656,5
3691,2749,5,4240,5,2763,5,2861,5,2894,5
7779,4021,5,4315,5,3383,5,4187,5,2899,5
2458,4915,5,728,5,1819,5,1514,5,481,5
8703,4400,5,4000,5,410,5,4805,5,1027,5
2844,4081,5,3548,5,1816,5,4165,5,1385,5
5115,291,5,3055,5,1987,5,4896,5,1547,5
2769,3540,5,4375,5,1246,5,4749,5,861,5
13722,3009,5,3300,5,3875,5,123,5,49,5
9666,381,5,477,5,3546,5,4431,5,279,5
9128,4153,5,1455,5,3083,5,2548,5,956,5
5850,1108,5,2255,5,4135,5,4312,5,527,5
11983,3088,5,1354,5,4450,5,3715,5,3345,5
13117,4114,5,4059,5,2586,5,1219,5,3100,5
8994,1574,5,637,5,3985,5,635,5,4465,5
1138,2905,5,4190,5,2150,5,1643,5,4217,5
6786,3510,5,997,5,4350,5,4150,5,2415,5
10505,634,5,1583,5,4060,5,54,5,401,5
1113,505,5,3990,5,2625,5,2197,5,3858,5
7069,3860,5,1728,5,4676,5,3668,5,2489,5
4284,3366,5,2825,5,1663,5,833,5,3220,5
12230,1310,5,298,5,2509,5,271,5,484,5
13303,176,5,150,5,4776,5,3562,5,3984,5
7170,4997,5,18,5,2154,5,3074,5,1974,5
10649,1110,5,3849,5,1268,5,3882,5,3472,5
11851,3776,5,3480,5,88,5,1041,5,3879,5
9832,4671,5,205,5,4774,5,2346,5,2957,5
13154,1634,5,3065,5,3449,5,3011,5,3133,5
11868,3682,5,4399,5,3003,5,2897,5,4956,5
13392,2258,5,2912,5,1783,5,4258,5,494,5
4305,2418,5,3753,5,2904,5,4959,5,2989,5
9267,2986,5,1141,5,3066,5,3865,5,4234,5
12286,3034,5,4930,5,2657,5,1,5,2592,5
1641,3713,5,488,5,3420,5,3186,5,814,5
982,4243,5,2573,5,2929,5,1858,5,436,5
2067,178,5,2565,5,4008,5,2651,5,4227,5
5620,3193,5,491,5,4900,5,4490,5,4957,5
4410,4044,5,3865,5,4413,5,4573,5,839,5
10392,671,5,2889,5,2018,5,2416,5,567,5
9817,3154,5,2735,5,1280,5,1022,5,1942,5
6020,3778,5,3692,5,1988,5,2,5,3637,5
5053,3048,5,3862,5,3591,5,3945,5,3724,5
7534,2368,5,1500,5,1557,5,682,5,2172,5
13696,2091,5,4160,5,4541,5,2121,5,579,5
10674,54,5,986,5,1187,5,1604,5,448,5
12711,329,5,4419,5,1451,5,3046,5,779,5
8909,1937,5,4802,5,2345,5,4327,5,2375,5
1786,4454,5,2253,5,3301,5,443,5,4470,5
3750,2781,5,666,5,4577,5,3755,5,1024,5
2918,711,5,4591,5,4381,5,961,5,1312,5
3048,3340,5,879,5,2626,5,3020,5,4130,5
1024,4207,5,2858,5,697,5,6,5,3683,5
6649,416,5,504,5,3853,5,3107,5,639,5
4102,3906,5,4304,5,2444,5,2462,5,4688,5
13044,679,5,1766,5,3575,5,4987,5,3489,5
3176,4820,5,701,5,1512,5,1743,5,884,5
3276,2758,5,1003,5,1208,5,4188,5,4046,5
11090,2196,5,4096,5,1539,5,4741,5,483,5
1806,3218,5,3335,5,3985,5,3107,5,4606,5
2328,673,5,760,5,2803,5,2582,5,4026,5
9264,4711,5,4936,5,3052,5,4218,5,1563,5
10126,3797,5,724,5,1742,5,4755,5,404,5
12487,4262,5,1980,5,4771,5,1870,5,1768,5
9152,2784,5,4821,5,3246,5,4590,5,4088,5
2430,2758,5,3990,5,2456,5,2932,5,1114,5
4086,3944,5,133,5,533,5,3138,5,3746,5
5378,4276,5,3932,5,1879,5,3498,5,1152,5
10222,4151,5,4063,5,842,5,149,5,999,5
7440,2285,5,4981,5,646,5,3855,5,3717,5
5938,1255,5,2430,5,4770,5,3896,5,1286,5
6863,4233,5,3565,5,2409,5,50,5,3555,5
1313,1922,5,2546,5,972,5,1552,5,1589,5
8912,2952,5,667,5,2269,5,3198,5,2958,5
2504,566,5,1915,5,3648,5,2924,5,2439,5
2322,3687,5,2593,5,243,5,3047,5,2549,5
2586,4073,5,3465,5,72,5,2292,5,1633,5
12915,3125,5,2935,5,1424,5,415,5,4077,5
9046,1627,5,4685,5,4753,5,2526,5,1940,5
13289,705,5,4953,5,1746,5,731,5,2501,5
381,4480,5,2679,5,2742,5,4962,5,1086,5
4273,4112,5,245,5,2080,5,2327,5,2509,5
13318,4997,5,2103,5,2248,5,4261,5,2600,5
12221,4597,5,2007,5,46,5,2163,5,98,5
907,3210,5,501,5,38,5,4819,5,4777,5
429,342,5,2063,5,4865,5,10,5,2134,5
12188,3395,5,4810,5,944,5,911,5,1129,5
5032,1778,5,4228,5,573,5,2615,5,2516,5
13979,1031,5,391,5,2954,5,2099,5,353,5
9827,2808,5,1229,5,4768,5,3928,5,4941,5
9341,3333,5,3167,5,1426,5,1432,5,4614,5
3295,2286,5,301,5,1157,5,1531,5,2456,5
1643,3203,5,326,5,2187,5,3060,5,4742,5
13028,814,5,1473,5,3602,5,1440,5,343,5
460,2717,5,509,5,4195,5,1735,5,891,5
8060,2863,5,4677,5,1555,5,4974,5,1748,5
4146,3381,5,713,5,528,5,50,5,2242,5
12798,3781,5,283,5,637,5,4684,5,2024,5
6249,4952,5,4676,5,3036,5,2394,5,2993,5
11630,4904,5,1707,5,4673,5,914,5,4208,5
1747,3092,5,4877,5,2108,5,2334,5,3947,5
12814,4056,5,1617,5,3102,5,796,5,2590,5
1924,2752,5,3124,5,1158,5,1209,5,268,5
3985,1072,5,889,5,3209,5,2011,5,2764,5
12526,3534,5,2305,5,2974,5,3293,5,2058,5
10522,2135,5,3336,5,4842,5,4794,5,3586,5
5762,733,5,1300,5,4261,5,2389,5,1865,5
9439,4978,5,65,5,2142,5,1274,5,4938,5
6613,950,5,3441,5,4719,5,2459,5,2812,5
3017,3445,5,2596,5,4782,5,300,5,3687,5
7727,1261,5,4240,5,1839,5,769,5,3787,5
1319,961,5,2603,5,725,5,1238,5,1030,5
7585,3005,5,2019,5,4127,5,2519,5,4298,5
10869,3368,5,1320,5,4128,5,1167,5,2165,5
7155,2393,5,2066,5,4655,5,871,5,2855,5
6197,975,5,3507,5,2352,5,2433,5,624,5
10286,3017,5,418,5,3751,5,2308,5,4526,5
3493,3746,5,2266,5,3578,5,3841,5,3395,5
5920,4283,5,3915,5,2092,5,4610,5,3799,5
5286,4661,5,1183,5,3414,5,4386,5,702,5
2171,574,5,4660,5,3042,5,1793,5,1175,5
31,744,5,4554,5,479,5,570,5,3750,5
10235,2313,5,4028,5,4247,5,4847,5,4340,5
13360,1592,5,586,5,3849,5,243,5,820,5
549,3928,5,213,5,285,5,4866,5,205,5
12356,4086,5,2020,5,1314,5,4030,5,3855,5
6952,799,5,2228,5,793,5,2067,5,4613,5
4371,1232,5,1937,5,4377,5,284,5,4539,5
8105,2545,5,1634,5,1033,5,4551,5,4364,5
4036,2649,5,2438,5,4141,5,1821,5,693,5
11714,170,5,4542,5,955,5,2115,5,3316,5
3137,4438,5,226,5,4428,5,2310,5,1749,5
9590,4768,5,2300,5,840,5,2474,5,2739,5
7867,4454,5,4614,5,990,5,4648,5,450,5
6352,4201,5,3183,5,3955,5,2740,5,3482,5
216,1848,5,3605,5,4249,5,4538,5,2001,5
3008,4104,5,1260,5,590,5,882,5,3737,5
2821,3568,5,3514,5,3603,5,3476,5,1365,5
13390,481,5,2126,5,900,5,3560,5,173,5
9214,4659,5,3295,5,2793,5,868,5,2893,5
11545,1042,5,2129,5,1450,5,444,5,429,5
2703,3402,5,2026,5,3272,5,755,5,1765,5
1001,4404,5,3295,5,3961,5,688,5,2384,5
3120,4110,5,4187,5,506,5,1630,5,607,5
13676,2077,5,4346,5,4488,5,2020,5,3035,5
12614,4859,5,604,5,4731,5,216,5,4982,5
1083,515,5,3967,5,1685,5,4920,5,281,5
11847,726,5,1884,5,1266,5,2111,5,407,5
7278,1026,5,3159,5,2441,5,3143,5,3366,5
5908,1286,5,76,5,1389,5,4810,5,1654,5
3791,3143,5,2511,5,4159,5,805,5,2360,5
13768,2858,5,995,5,1240,5,2178,5,1759,5
10984,779,5,906,5,550,5,315,5,583,5
12312,4269,5,2476,5,1020,5,401,5,4553,5
1436,1669,5,1523,5,2748,5,3756,5,1398,5
10001,2585,5,574,5,4131,5,2211,5,1463,5
10842,4333,5,986,5,665,5,3645,5,728,5
11192,509,5,1130,5,2100,5,3864,5,217,5
13029,2100,5,3342,5,12,5,1347,5,3437,5
1052,758,5,3882,5,260,5,3013,5,82,5
9192,6,5,2870,5,2545,5,4795,5,3977,5
11488,4164,5,3800,5,3580,5,3177,5,4024,5
12953,3836,5,52,5,393,5,3658,5,112,5
12574,537,5,2572,5,649,5,3473,5,1759,5
10915,3885,5,1849,5,2251,5,769,5,2820,5
809,3322,5,3802,5,4681,5,3405,5,2036,5
6329,1869,5,2015,5,3261,5,1780,5,159,5
3868,4757,5,2825,5,736,5,421,5,4927,5
8820,4090,5,1130,5,3020,5,904,5,962,5
4595,169,5,1203,5,4221,5,2630,5,252,5
4087,1015,5,4183,5,4473,5,1943,5,2317,5
2872,1094,5,3651,5,549,5,4053,5,4957,5
7150,554,5,4861,5,4764,5,1719,5,381,5
3491,2835,5,4029,5,471,5,240,5,4314,5
3948,3166,5,3845,5,979,5,1583,5,1950,5
2989,2138,5,3660,5,4258,5,1884,5,921,5
11169,1445,5,2427,5,92,5,4033,5,4635,5
9693,4008,5,4180,5,1447,5,3685,5,4236,5
12172,668,5,172,5,4025,5,4671,5,1436,5
13923,2422,5,415,5,2207,5,1688,5,2456,5
9020,4122,5,3141,5,433,5,2809,5,501,5
5296,2678,5,1422,5,2098,5,888,5,724,5
13026,4460,5,2803,5,2134,5,1920,5,372,5
10086,1348,5,3629,5,25,5,3938,5,3183,5
2418,4888,5,1703,5,2043,5,1929,5,2923,5
13887,2000,5,1316,5,2549,5,2282,5,749,5
6020,1411,5,815,5,503,5,1084,5,301,5
9069,592,5,3722,5,2579,5,33,5,4734,5
13844,1250,5,2712,5,2382,5,3128,5,2994,5
12186,1565,5,4833,5,408,5,3632,5,4812,5
1524,3421,5,1114,5,4858,5,3084,5,1631,5
3755,590,5,3488,5,2885,5,370,5,3273,5
9241,1625,5,3359,5,4482,5,4140,5,4448,5
8473,125,5,3125,5,3688,5,114,5,3008,5
1373,722,5,3068,5,3240,5,3753,5,3026,5
7085,1723,5,3469,5,3989,5,2343,5,4821,5
8744,919,5,432,5,4802,5,4271,5,43,5
10812,891,5,1451,5,1860,5,554,5,954,5
12136,1,5,4282,5,1413,5,3085,5,4386,5
12225,4788,5,2082,5,1724,5,2224,5,1355,5
3118,4444,5,4021,5,2814,5,4156,5,2323,5
1051,708,5,2786,5,3999,5,3728,5,1377,5
4382,652,5,4510,5,1234,5,4484,5,4502,5
10999,2566,5,1060,5,1684,5,4871,5,2820,5
8642,3516,5,962,5,1116,5,3798,5,414,5
2112,2893,5,4279,5,2046,5,1591,5,4889,5
2220,3053,5,1969,5,2554,5,4725,5,2230,5
2618,3085,5,4339,5,2027,5,4199,5,1930,5
5315,919,5,4541,5,2595,5,133,5,4746,5
7435,3676,5,4612,5,2701,5,917,5,975,5
8143,2673,5,795,5,1060,5,1274,5,2725,5
608,4694,5,3855,5,2776,5,3968,5,4836,5
2385,2914,5,2765,5,3990,5,4545,5,3986,5
3321,1155,5,591,5,3083,5,1814,5,2744,5
9503,3194,5,4327,5,1474,5,2529,5,1603,5
4785,2674,5,2360,5,4515,5,2663,5,2878,5
1670,1956,5,1370,5,734,5,1277,5,4481,5
13851,2027,5,4864,5,4608,5,610,5,4344,5
13327,3598,5,2276,5,2762,5,3536,5,3505,5
10376,3611,5,2896,5,3756,5,2054,5,3347,5
9526,1132,5,2200,5,3890,5,2836,5,3706,5
498,965,5,1219,5,2122,5,1250,5,2082,5
11596,3063,5,3190,5,2499,5,4416,5,1187,5
13065,653,5,2291,5,4153,5,594,5,4181,5
5925,3149,5,1699,5,3589,5,1936,5,3192,5
6033,540,5,4134,5,69,5,2489,5,3893,5
8621,1180,5,900,5,4284,5,1578,5,3436,5
1460,2864,5,3564,5,2276,5,790,5,4830,5
423,3217,5,2512,5,2923,5,375,5,4573,5
2843,4727,5,459,5,79,5,309,5,1367,5
2467,3534,5,3204,5,3489,5,3916,5,321,5
10534,1366,5,4632,5,1732,5,2017,5,3540,5
3916,1544,5,591,5,1499,5,3036,5,2003,5
5832,3330,5,2800,5,4878,5,4815,5,1376,5
12882,1160,5,4788,5,3069,5,2645,5,272,5
13867,3614,5,615,5,649,5,2397,5,1853,5
9265,4513,5,2812,5,4347,5,3332,5,855,5
1061,3860,5,22,5,681,5,3366,5,301,5
1090,468,5,4439,5,569,5,2931,5,3657,5
4166,3,5,4583,5,980,5,1279,5,4697,5
8695,4937,5,1260,5,3267,5,3319,5,4365,5
2791,686,5,4800,5,3780,5,1137,5,2949,5
4292,4132,5,1824,5,3407,5,1909,5,781,5
11549,1327,5,2687,5,1347,5,1113,5,536,5
7124,545,5,99,5,2842,5,1406,5,850,5
10339,1430,5,2886,5,204,5,1912,5,2818,5
13864,4404,5,1863,5,403,5,2133,5,353,5
477,4344,5,3699,5,2388,5,2281,5,3549,5
12549,1717,5,4074,5,197,5,3155,5,202,5
2506,4749,5,2098,5,787,5,1667,5,4462,5
1188,4009,5,2901,5,4969,5,2286,5,976,5
6875,758,5,776,5,2425,5,1946,5,4736,5
6126,1005,5,1630,5,510,5,3501,5,611,5
4428,4264,5,4490,5,1689,5,1984,5,1901,5
6210,3353,5,3284,5,1764,5,1711,5,1613,5
10215,4253,5,3667,5,1478,5,2033,5,4382,5
4119,4097,5,266,5,2622,5,1422,5,923,5
1619,1311,5,3719,5,716,5,1706,5,290,5
6557,3666,5,1924,5,3485,5,1861,5,4812,5
8569,4783,5,1060,5,4320,5,3463,5,564,5
1516,58,5,3855,5,808,5,3248,5,1838,5
12096,449,5,2537,5,714,5,1120,5,4100,5
207,1705,5,3617,5,4256,5,723,5,3184,5
1618,3099,5,3254,5,1413,5,2001,5,1513,5
8144,2378,5,916,5,4221,5,2697,5,93,5
12927,1395,5,1402,5,444,5,1668,5,958,5
2405,905,5,3311,5,2865,5,1241,5,2851,5
8470,3554,5,2777,5,464,5,2923,5,980,5
12103,1193,5,3052,5,4183,5,3307,5,553,5
9613,4211,5,2935,5,1254,5,2145,5,2911,5
12505,4802,5,4784,5,1314,5,2802,5,3982,5
11351,2291,5,1753,5,3968,5,1680,5,1244,5
12826,1215,5,3674,5,302,5,14,5,3499,5
10493,4186,5,549,5,4791,5,755,5,2180,5
6154,1829,5,895,5,3771,5,4417,5,4829,5
13564,4265,5,1977,5,3147,5,4305,5,3393,5
10129,2805,5,76,5,614,5,1650,5,755,5
4887,157,5,3585,5,3459,5,3798,5,1453,5
7418,1519,5,1435,5,1208,5,403,5,2192,5
7853,1216,5,2334,5,3365,5,2477,5,1059,5
3547,3813,5,3116,5,50,5,3296,5,4317,5
8444,1832,5,1335,5,2453,5,3592,5,4805,5
2145,4875,5,2653,5,2114,5,502,5,2742,5
7587,3658,5,2055,5,2779,5,2398,5,4847,5
977,1890,5,1180,5,2776,5,3204,5,2884,5
2952,930,5,1167,5,288,5,4534,5,1137,5
9800,1852,5,784,5,3263,5,3869,5,1270,5
5715,4209,5,70,5,3117,5,541,5,4217,5
13251,2449,5,4139,5,2440,5,3100,5,2642,5
978,3791,5,4074,5,740,5,585,5,3299,5
9027,288,5,4575,5,4564,5,2780,5,2890,5
8774,636,5,4880,5,4225,5,14,5,2215,5
3691,789,5,304,5,4173,5,4902,5,4318,5
6670,4292,5,248,5,4137,5,3414,5,1988,5
8028,3868,5,1161,5,4967,5,3834,5,1066,5
4449,4826,5,4319,5,4621,5,4742,5,824,5
2437,2682,5,1636,5,3621,5,3169,5,3558,5
7156,4341,5,1239,5,3010,5,1996,5,4796,5
8204,2312,5,1707,5,4921,5,1788,5,1800,5
850,726,5,2495,5,1357,5,4911,5,496,5
833,1200,5,1534,5,597,5,3362,5,3162,5
13115,1060,5,1740,5,4951,5,1046,5,2673,5
9725,1381,5,4232,5,3976,5,4398,5,4329,5
77,4513,5,2997,5,3324,5,960,5,91,5
7398,1243,5,1545,5,4325,5,908,5,763,5
149,2085,5,3160,5,1980,5,1375,5,3015,5
6363,2371,5,918,5,94,5,1553,5,2130,5
11587,70,5,75,5,4326,5,1176,5,4302,5
8758,1782,5,2488,5,717,5,734,5,1564,5
977,1368,5,2790,5,1713,5,4473,5,4105,5
9839,2473,5,4677,5,690,5,1523,5,4214,5
11150,2743,5,3619,5,4751,5,682,5,3767,5
6061,2473,5,1692,5,4873,5,2239,5,2415,5
7125,1635,5,2126,5,4066,5,3206,5,1226,5
10253,4467,5,368,5,1556,5,1492,5,4167,5
9085,137,5,1161,5,715,5,3443,5,1062,5
5126,1688,5,3197,5,53,5,3329,5,2384,5
11132,3606,5,2696,5,2847,5,1951,5,582,5
348,2069,5,1315,5,2867,5,4653,5,3011,5
11669,2190,5,1562,5,1329,5,1856,5,4765,5
2773,4512,5,626,5,502,5,620,5,1992,5
2691,3516,5,4980,5,2363,5,3309,5,3323,5
2876,1089,5,2850,5,78,5,1771,5,977,5
6273,3239,5,3713,5,3967,5,3670,5,874,5
10515,2997,5,2732,5,4839,5,4181,5,3580,5
5263,779,5,2643,5,4723,5,2702,5,3475,5
4386,1026,5,1622,5,188,5,1683,5,3739,5
12638,4051,5,1512,5,1319,5,759,5,227,5
60,942,5,4572,5,3195,5,929,5,815,5
2857,500,5,1437,5,1789,5,2991,5,1254,5
10907,3234,5,961,5,996,5,3301,5,547,5
8488,990,5,4043,5,3530,5,1320,5,4777,5
8247,451,5,1595,5,493,5,3444,5,2634,5
11337,2300,5,2683,5,1477,5,1273,5,2398,5
11299,3913,5,2705,5,1158,5,1071,5,4049,5
8831,525,5,469,5,4878,5,2588,5,3497,5
3792,1805,5,441,5,3897,5,3971,5,884,5
10340,3080,5,76,5,4194,5,1085,5,4074,5
4926,1825,5,3397,5,4970,5,523,5,2515,5
9725,3250,5,4953,5,3834,5,510,5,1008,5
6859,2380,5,3080,5,1706,5,969,5,2336,5
6052,1794,5,725,5,2154,5,1387,5,3786,5
13319,3956,5,2239,5,560,5,3119,5,1487,5
10943,2738,5,4252,5,868,5,3170,5,4183,5
322,3070,5,2152,5,35,5,2637,5,3969,5
2987,1591,5,3211,5,3261,5,3147,5,1364,5
11582,1719,5,4316,5,437,5,3804,5,2040,5
8017,2316,5,1498,5,24,5,953,5,4795,5
8835,548,5,751,5,89,5,2749,5,1636,5
2859,2225,5,369,5,1803,5,1460,5,114,5
138,3821,5,1937,5,3591,5,2403,5,2309,5
6442,3443,5,3888,5,1148,5,336,5,3721,5
11163,3567,5,2437,5,821,5,2473,5,1381,5
5058,785,5,91,5,2038,5,634,5,4309,5
5930,929,5,2216,5,1527,5,809,5,2516,5
233,75,5,3365,5,1218,5,1792,5,4466,5
13764,2391,5,1987,5,657,5,3089,5,2408,5
4871,308,5,1845,5,3721,5,3399,5,3474,5
4261,3222,5,360,5,2440,5,3071,5,941,5
9754,3874,5,2284,5,3439,5,3411,5,3969,5
7773,3224,5,2321,5,3468,5,2137,5,3701,5
5283,430,5,1510,5,1468,5,193,5,1470,5
7171,829,5,4835,5,1139,5,3039,5,1497,5
9184,3339,5,3861,5,2108,5,676,5,591,5
5848,43,5,2082,5,4387,5,3033,5,776,5
3930,1529,5,752,5,3822,5,264,5,1832,5
3762,589,5,4588,5,2962,5,686,5,4000,5
12562,214,5,1797,5,4331,5,399,5,403,5
8721,1403,5,221,5,1624,5,2421,5,1163,5
8140,4892,5,2598,5,4751,5,527,5,4232,5
10197,2860,5,215,5,4566,5,737,5,375,5
5788,2329,5,2614,5,4186,5,1140,5,1811,5
10398,1672,5,3242,5,4081,5,3,5,685,5
4577,106,5,4421,5,1145,5,1434,5,3095,5
8554,1175,5,1195,5,4937,5,818,5,3913,5
399,2936,5,10,5,4760,5,3177,5,4492,5
3815,2197,5,2170,5,170,5,2584,5,2869,5
2094,2899,5,1704,5,4545,5,328,5,2309,5
3684,2961,5,4312,5,3386,5,1391,5,857,5
12453,3026,5,2298,5,4299,5,1279,5,2386,5
8835,3321,5,4919,5,2997,5,3911,5,336,5
9240,1926,5,2070,5,4711,5,1128,5,2887,5
10531,4093,5,2704,5,4134,5,94,5,1304,5
9927,3112,5,1104,5,1274,5,2243,5,1223,5
7512,169,5,529,5,3979,5,2941,5,3189,5
11558,2737,5,2647,5,2605,5,3408,5,3703,5
6324,1689,5,532,5,2454,5,4958,5,2997,5
12868,4545,5,1302,5,1066,5,845,5,4158,5
6059,33,5,1001,5,4715,5,3010,5,3137,5
1954,2892,5,4077,5,2911,5,4164,5,3890,5
4900,4598,5,4379,5,2955,5,687,5,1938,5
9887,2284,5,2344,5,4542,5,2059,5,4042,5
12336,1540,5,306,5,3201,5,796,5,3014,5
7485,495,5,2461,5,3387,5,4048,5,2435,5
838,235,5,1265,5,2601,5,4629,5,3612,5
13296,3116,5,1176,5,3501,5,2102,5,2636,5
13428,1783,5,483,5,769,5,1363,5,4204,5
9590,4393,5,1901,5,1738,5,822,5,4317,5
12722,2419,5,4594,5,4344,5,1592,5,779,5
4280,178,5,3889,5,1590,5,1366,5,1811,5
7787,3312,5,4270,5,4394,5,959,5,133,5
6134,3330,5,3843,5,3478,5,4321,5,2604,5
8461,3550,5,728,5,3001,5,4988,5,511,5
6602,2320,5,3872,5,3878,5,3104,5,203,5
9907,3104,5,4468,5,54,5,824,5,3187,5
4039,4504,5,2600,5,1843,5,2177,5,2125,5
9664,1159,5,3747,5,338,5,4605,5,3300,5
1091,2792,5,4540,5,3303,5,2815,5,3761,5
12051,3345,5,442,5,2959,5,4481,5,3150,5
5799,3281,5,4555,5,2681,5,873,5,3222,5
13807,3775,5,2999,5,3902,5,3432,5,3804,5
990,2470,5,4055,5,2980,5,3389,5,317,5
7557,93,5,2297,5,1150,5,2331,5,2457,5
14,427,5,76,5,229,5,1312,5,3374,5
8464,1837,5,2932,5,2536,5,2561,5,1862,5
9735,4566,5,1873,5,4259,5,1572,5,1088,5
388,806,5,117,5,2673,5,868,5,4530,5
6046,1102,5,4223,5,4897,5,2751,5,1632,5
2165,4882,5,1518,5,727,5,725,5,2009,5
5245,2925,5,4095,5,2983,5,3712,5,3863,5
7853,2528,5,3971,5,2017,5,2996,5,3434,5
2150,4918,5,4606,5,2070,5,96,5,2117,5
7630,2314,5,4503,5,1965,5,3157,5,2556,5
3186,1605,5,813,5,2193,5,1901,5,1115,5
6908,3132,5,124,5,803,5,4165,5,3600,5
2974,3091,5,1496,5,1154,5,1299,5,2732,5
5270,3946,5,1840,5,3306,5,4511,5,4585,5
3628,4065,5,1286,5,4107,5,4436,5,1763,5
1392,2825,5,2236,5,3640,5,67,5,3239,5
2897,929,5,368,5,857,5,699,5,1477,5
4831,1851,5,2475,5,2797,5,6,5,1324,5
6250,1318,5,2792,5,2796,5,2471,5,875,5
9307,2995,5,3061,5,737,5,249,5,1971,5
2497,2560,5,1669,5,111,5,4653,5,1578,5
4661,4825,5,2240,5,3521,5,3169,5,611,5
5687,2593,5,4285,5,1623,5,1504,5,25,5
792,3302,5,4428,5,4696,5,1443,5,725,5
12832,294,5,3411,5,824,5,4619,5,1605,5
11827,3173,5,3126,5,2983,5,3839,5,1128,5
3754,3072,5,1952,5,4288,5,4389,5,3056,5
9091,1950,5,342,5,4419,5,1528,5,4332,5
914,1950,5,414,5,4305,5,1468,5,4036,5
6470,2046,5,840,5,1471,5,1231,5,3073,5
13457,2902,5,3277,5,1576,5,4317,5,3806,5
7454,4146,5,1830,5,2599,5,1121,5,4043,5
1993,4440,5,4207,5,4255,5,2550,5,4913,5
13270,2202,5,1215,5,1211,5,1596,5,3838,5
6118,1097,5,2089,5,186,5,1813,5,2948,5
8858,123,5,3795,5,4367,5,878,5,411,5
887,1233,5,4131,5,1343,5,1633,5,483,5
13585,1401,5,923,5,2386,5,4914,5,1958,5
11909,2432,5,2205,5,3557,5,2138,5,4434,5
11897,1850,5,2177,5,2301,5,716,5,474,5
7740,2878,5,686,5,645,5,2674,5,1383,5
5631,2027,5,3117,5,438,5,732,5,233,5
809,3220,5,1188,5,4452,5,2852,5,4163,5
4431,876,5,4273,5,4175,5,4631,5,3488,5
9920,1148,5,3375,5,1069,5,3026,5,1368,5
8589,1968,5,4702,5,4392,5,1695,5,2430,5
985,2776,5,1531,5,2438,5,1448,5,798,5
13732,1623,5,4089,5,4758,5,1846,5,2573,5
2008,3189,5,893,5,2622,5,2266,5,1297,5
10864,954,5,3516,5,3004,5,1863,5,4639,5
4822,3812,5,3830,5,3117,5,3998,5,3062,5
11938,3250,5,558,5,3116,5,689,5,242,5
2422,4012,5,4626,5,532,5,4241,5,4654,5
3586,2048,5,1358,5,3597,5,952,5,4525,5
10105,4641,5,183,5,3199,5,2249,5,3574,5
3305,1953,5,2792,5,3046,5,1474,5,4358,5
2555,4548,5,1179,5,4776,5,703,5,1483,5
3036,431,5,355,5,3318,5,800,5,1929,5
12022,815,5,3083,5,1760,5,2156,5,1926,5
6105,441,5,1473,5,3463,5,825,5,2869,5
2647,1531,5,2709,5,1908,5,3797,5,3729,5
4484,4804,5,2391,5,3488,5,2272,5,4183,5
7818,1073,5,889,5,2690,5,1432,5,4111,5
11346,2636,5,3552,5,260,5,3846,5,1387,5
2546,3164,5,1072,5,952,5,3239,5,4777,5
11072,3305,5,454,5,2154,5,1642,5,1046,5
13330,3107,5,3602,5,3236,5,1496,5,988,5
5307,3390,5,3393,5,483,5,990,5,2928,5
7243,567,5,1466,5,619,5,231,5,4985,5
79,2230,5,4401,5,3023,5,2103,5,1814,5
8155,2508,5,3301,5,623,5,3789,5,197,5
11350,1867,5,2171,5,1553,5,2364,5,3629,5
10526,1351,5,2136,5,828,5,3162,5,4817,5
9594,4171,5,2532,5,3963,5,4811,5,642,5
9555,3222,5,3938,5,993,5,2122,5,336,5
8651,3824,5,3185,5,4314,5,2571,5,1714,5
272,1241,5,368,5,3271,5,2273,5,4840,5
9132,111,5,1552,5,3445,5,2929,5,1841,5
8894,3953,5,1058,5,3279,5,2107,5,1119,5
7498,623,5,2350,5,532,5,1714,5,769,5
11337,298,5,4061,5,927,5,4722,5,4610,5
8655,2072,5,606,5,3004,5,3218,5,1625,5
9969,4528,5,3379,5,1561,5,292,5,551,5
8068,1896,5,3459,5,2402,5,4006,5,336,5
465,4890,5,1056,5,2417,5,2132,5,722,5
11533,1565,5,2617,5,4243,5,1788,5,785,5
8942,2039,5,3415,5,1178,5,1255,5,241,5
7357,3427,5,2941,5,4071,5,1534,5,3093,5
13592,607,5,1507,5,2015,5,4308,5,3655,5
1279,2313,5,3008,5,2110,5,3623,5,3525,5
7140,4026,5,452,5,2522,5,4235,5,4700,5
11092,1869,5,2432,5,2818,5,2232,5,3787,5
2,2736,5,365,5,3463,5,695,5,216,5
8380,2427,5,4587,5,2198,5,92,5,1167,5
12281,3472,5,3577,5,2429,5,998,5,1481,5
782,879,5,2215,5,2066,5,2541,5,4561,5
3518,4287,5,1731,5,2536,5,1673,5,4766,5
13324,2917,5,1578,5,402,5,2002,5,3987,5
6642,3059,5,140,5,2888,5,4585,5,2822,5
124,590,5,1734,5,4459,5,3862,5,2052,5
9993,1452,5,2916,5,4547,5,2948,5,4158,5
10457,3330,5,2258,5,3358,5,1213,5,3923,5
10323,3345,5,4083,5,304,5,3606,5,2926,5
4957,2992,5,3082,5,4208,5,3024,5,847,5
10988,1567,5,4012,5,1328,5,4399,5,2648,5
9717,3529,5,4732,5,629,5,1553,5,4883,5
12872,2293,5,4948,5,2554,5,3528,5,4421,5
2557,216,5,3893,5,4258,5,779,5,2476,5
13204,4514,5,3021,5,604,5,3919,5,3802,5
2585,1119,5,3797,5,3246,5,1,5,2119,5
7825,4084,5,410,5,4905,5,2526,5,3307,5
4528,1662,5,4852,5,1661,5,4720,5,935,5
13597,1992,5,1188,5,1993,5,1936,5,2651,5
10543,3561,5,3725,5,2236,5,1737,5,1702,5
536,2324,5,2225,5,3622,5,4988,5,4,5
6045,4740,5,2788,5,1943,5,4099,5,3358,5
9818,1663,5,1922,5,4351,5,36,5,2276,5
12878,4747,5,3174,5,2589,5,767,5,4820,5
6480,4371,5,3630,5,4395,5,949,5,376,5
3387,3146,5,3437,5,2665,5,3881,5,1568,5
6681,3284,5,1080,5,520,5,1229,5,1365,5
2994,4673,5,621,5,3984,5,389,5,4672,5
10718,4052,5,4788,5,3252,5,2378,5,3381,5
5253,1788,5,4806,5,3436,5,2387,5,146,5
5182,3388,5,1621,5,3432,5,4596,5,643,5
7876,2726,5,517,5,4912,5,2138,5,1118,5
6823,711,5,3112,5,3605,5,3047,5,4667,5
9334,1689,5,2061,5,4904,5,1657,5,4772,5
388,1634,5,4223,5,3666,5,4626,5,2443,5
10597,1410,5,4124,5,4657,5,2782,5,2343,5
12743,3150,5,4818,5,2199,5,794,5,3900,5
6776,4522,5,4398,5,1251,5,2984,5,335,5
5641,1141,5,1055,5,4426,5,1964,5,3432,5
9723,2998,5,1733,5,561,5,2928,5,647,5
11474,3684,5,2227,5,2007,5,1688,5,3389,5
9600,4565,5,480,5,3956,5,1362,5,4253,5
1709,2396,5,1854,5,2625,5,139,5,72,5
8627,3831,5,321,5,438,5,1969,5,3835,5
2293,100,5,67,5,1382,5,2624,5,903,5
7577,4887,5,3311,5,3735,5,406,5,4886,5
7770,3065,5,2274,5,1008,5,4659,5,1194,5
3647,1194,5,4716,5,431,5,2893,5,2299,5
6488,3813,5,2939,5,1484,5,1304,5,218,5
8292,1470,5,432,5,4160,5,4946,5,3758,5
8250,3622,5,4714,5,4177,5,673,5,1466,5
2016,1567,5,2644,5,826,5,3182,5,1867,5
7159,2782,5,796,5,683,5,571,5,843,5
7226,4504,5,2059,5,604,5,883,5,46,5
4654,1063,5,2626,5,2009,5,2469,5,3061,5
3895,4246,5,260,5,942,5,4416,5,1218,5
2940,826,5,3843,5,4020,5,134,5,3573,5
7463,3217,5,2795,5,4792,5,3255,5,4821,5
1851,3695,5,2735,5,2974,5,3906,5,2527,5
12645,2751,5,2164,5,4560,5,2400,5,3916,5
9326,4781,5,3067,5,2328,5,3287,5,3409,5
13405,4871,5,2578,5,78,5,2455,5,3560,5
6773,711,5,338,5,1157,5,3919,5,4699,5
4933,1319,5,699,5,3668,5,4471,5,440,5
12440,4945,5,130,5,4368,5,809,5,1330,5
2750,4918,5,2005,5,4918,5,2780,5,2419,5
6655,1304,5,3700,5,3809,5,3328,5,2993,5
5922,4760,5,3074,5,3897,5,2123,5,205,5
13641,4001,5,141,5,4913,5,4867,5,1466,5
2137,99,5,3282,5,2481,5,1617,5,4586,5
11060,3368,5,541,5,3638,5,3681,5,378,5
2880,2915,5,905,5,3540,5,1167,5,3430,5
10435,4484,5,2530,5,533,5,4266,5,3684,5
7538,3864,5,3656,5,2118,5,796,5,2321,5
1406,3610,5,58,5,4887,5,2435,5,2348,5
10629,765,5,3966,5,2445,5,4864,5,2640,5
8970,60,5,621,5,1853,5,2306,5,2858,5
5318,2605,5,1912,5,3403,5,2305,5,579,5
13210,1946,5,4860,5,995,5,2399,5,2075,5
4298,3222,5,3402,5,1731,5,4343,5,4669,5
2445,2937,5,3458,5,4034,5,2529,5,2059,5
8622,782,5,3875,5,4536,5,608,5,4103,5
3020,1221,5,1328,5,1396,5,3589,5,994,5
1074,550,5,823,5,536,5,3011,5,3889,5
660,4697,5,4978,5,398,5,4013,5,686,5
402,3423,5,1749,5,3973,5,705,5,1631,5
6383,3522,5,68,5,847,5,2071,5,1988,5
2653,1141,5,931,5,3200,5,3503,5,1074,5
13923,4722,5,2144,5,750,5,4621,5,3266,5
4907,2012,5,653,5,4116,5,1776,5,4076,5
3805,1503,5,3926,5,3194,5,1072,5,3868,5
8114,3648,5,4577,5,872,5,2925,5,2987,5
5588,1929,5,1143,5,2460,5,1617,5,3495,5
11345,989,5,3662,5,4144,5,1375,5,2061,5
12612,1802,5,416,5,4677,5,729,5,3636,5
13650,559,5,76,5,2418,5,4238,5,2133,5
13305,4184,5,2671,5,3373,5,4276,5,3831,5
11609,2916,5,1039,5,1125,5,192,5,4793,5
6670,1423,5,3022,5,1883,5,1815,5,852,5
7766,2081,5,4926,5,4333,5,1250,5,3158,5
1707,343,5,1901,5,3334,5,3465,5,3232,5
213,1269,5,2265,5,3810,5,914,5,618,5
10257,289,5,4985,5,3476,5,1548,5,4059,5
11727,4690,5,574,5,3710,5,4119,5,2923,5
8447,4729,5,4009,5,4431,5,2054,5,4202,5
6635,4486,5,2010,5,4364,5,79,5,687,5
3761,982,5,655,5,3362,5,730,5,3079,5
3113,1493,5,3309,5,2351,5,3240,5,4057,5
853,2100,5,4194,5,3559,5,755,5,3847,5
684,2557,5,4805,5,2821,5,1195,5,355,5
11937,2480,5,2752,5,2683,5,3782,5,1009,5
8142,195,5,4926,5,692,5,3847,5,1501,5
12410,750,5,4322,5,4365,5,2526,5,2446,5
8,2268,5,51,5,4004,5,2968,5,4949,5
9736,1796,5,4345,5,2662,5,4590,5,1304,5
12193,727,5,798,5,3986,5,1736,5,430,5
9436,593,5,576,5,4733,5,977,5,1878,5
2410,2466,5,2946,5,498,5,731,5,1949,5
12804,698,5,531,5,2665,5,4613,5,541,5
22,136,5,4917,5,4780,5,326,5,1487,5
11831,3150,5,890,5,387,5,2349,5,3246,5
9763,4527,5,4624,5,2877,5,1728,5,3658,5
13273,4351,5,3164,5,1176,5,727,5,2900,5
2311,4113,5,4201,5,3032,5,1330,5,2010,5
1853,824,5,4756,5,3695,5,1593,5,547,5
10209,1559,5,3235,5,3848,5,683,5,4996,5
13443,4833,5,556,5,2524,5,747,5,3120,5
4558,4739,5,2491,5,3891,5,3569,5,4522,5
9153,3949,5,4862,5,4641,5,4920,5,2980,5
1492,1240,5,1392,5,3665,5,4862,5,2865,5
12361,4889,5,4321,5,888,5,1494,5,4445,5
4936,747,5,2038,5,796,5,1139,5,4348,5
4393,2269,5,3586,5,3767,5,3530,5,1171,5
7895,956,5,4839,5,3262,5,320,5,2529,5
3089,3937,5,4069,5,4788,5,1556,5,1555,5
12698,1567,5,1432,5,3727,5,2577,5,350,5
11656,939,5,3163,5,4386,5,1994,5,2006,5
1236,1407,5,2548,5,3441,5,3439,5,861,5
6577,2923,5,4835,5,1038,5,1142,5,2467,5
8233,3874,5,3155,5,497,5,1623,5,632,5
7976,959,5,3243,5,4206,5,4945,5,3914,5
2416,3975,5,1387,5,3028,5,476,5,3138,5
1594,3964,5,2534,5,1880,5,719,5,2528,5
12079,2882,5,385,5,1412,5,2462,5,460,5
13315,4379,5,1005,5,2727,5,2366,5,3580,5
9840,858,5,1171,5,3971,5,4077,5,4125,5
13302,1565,5,2175,5,3285,5,358,5,3126,5
5197,2779,5,4163,5,4575,5,4682,5,1704,5
3801,2722,5,1600,5,4379,5,706,5,476,5
12135,230,5,4050,5,3913,5,474,5,1546,5
11770,2530,5,1466,5,2194,5,1242,5,4465,5
9241,3152,5,2001,5,2188,5,1345,5,3615,5
11074,4650,5,4708,5,3328,5,2606,5,4332,5
1173,4215,5,726,5,2402,5,4475,5,497,5
12930,3902,5,4666,5,2950,5,2142,5,4800,5
4590,1076,5,4254,5,4555,5,1391,5,2328,5
682,3846,5,270,5,2514,5,95,5,3398,5
7281,2172,5,442,5,4574,5,4056,5,4861,5
5778,1668,5,1009,5,2140,5,4094,5,3664,5
4216,4147,5,3785,5,547,5,4021,5,503,5
708,3106,5,4102,5,2995,5,3983,5,2270,5
7282,4343,5,1888,5,3513,5,3797,5,1419,5
8307,4522,5,4488,5,3968,5,533,5,4830,5
2935,2957,5,2784,5,842,5,3766,5,3247,5
7811,4083,5,1516,5,1789,5,1360,5,4635,5
2881,3398,5,774,5,2582,5,4642,5,458,5
9445,1242,5,1101,5,4624,5,3246,5,3352,5
6375,3712,5,4114,5,1793,5,805,5,3566,5
10179,1202,5,113,5,1687,5,157,5,2569,5
2919,1681,5,1990,5,3579,5,4999,5,1427,5
6896,4944,5,817,5,161,5,3799,5,3768,5
12215,852,5,3128,5,3822,5,1506,5,4796,5
3852,279,5,3913,5,419,5,4077,5,3301,5
9578,1243,5,4935,5,3768,5,765,5,4430,5
3757,4733,5,353,5,4818,5,2142,5,4928,5
1095,2222,5,1318,5,3457,5,1530,5,1926,5
5975,4623,5,4388,5,1516,5,565,5,1528,5
9800,583,5,382,5,4179,5,921,5,4009,5
12566,1018,5,862,5,2309,5,627,5,4335,5
10968,1090,5,377,5,3319,5,1879,5,274,5
5497,687,5,3216,5,4858,5,3308,5,2333,5
8772,4283,5,2144,5,2016,5,2554,5,4056,5
12005,3669,5,5000,5,1707,5,4024,5,4844,5
10967,536,5,4592,5,4947,5,4301,5,3282,5
5764,3129,5,4319,5,3849,5,1280,5,1159,5
2185,1966,5,3235,5,2001,5,3402,5,3328,5
11802,4011,5,3497,5,2755,5,2982,5,4202,5
12772,4752,5,2522,5,1401,5,1680,5,4632,5
10835,2502,5,2158,5,4522,5,1145,5,3187,5
9790,2570,5,4084,5,1553,5,3545,5,2062,5
1824,3285,5,4830,5,4737,5,4174,5,4874,5
11757,3701,5,3478,5,1962,5,27,5,55,5
11111,76,5,4744,5,3216,5,4591,5,4782,5
4909,1213,5,2346,5,4610,5,490,5,4270,5
6246,3274,5,2467,5,145,5,1592,5,4065,5
10071,1814,5,2356,5,2793,5,2939,5,2663,5
8200,345,5,2835,5,387,5,4167,5,231,5
4630,2226,5,680,5,1599,5,1127,5,239,5
6687,2499,5,311,5,3097,5,1522,5,4218,5
8201,1073,5,3559,5,1773,5,4614,5,1564,5
11702,178,5,3996,5,1226,5,308,5,4150,5
12931,4876,5,79,5,4082,5,2755,5,3915,5
7315,2156,5,1917,5,2948,5,3892,5,4948,5
3971,4143,5,3740,5,3791,5,1873,5,1175,5
1447,2231,5,4511,5,378,5,2862,5,405,5
11007,2870,5,992,5,1274,5,64,5,2774,5
10549,3868,5,1669,5,3748,5,214,5,2576,5
13713,3560,5,4755,5,776,5,3747,5,2148,5
11345,4340,5,2700,5,4249,5,2045,5,2388,5
638,666,5,3211,5,4896,5,4257,5,3430,5
3924,2206,5,1143,5,1842,5,2565,5,4746,5
1883,4725,5,2929,5,2027,5,3303,5,4842,5
4978,3663,5,2726,5,1362,5,909,5,3282,5
3997,4968,5,3441,5,4531,5,3061,5,2929,5
668,4678,5,1465,5,3024,5,895,5,3166,5
5702,1743,5,183,5,1202,5,2306,5,391,5
7766,3954,5,4130,5,2753,5,2354,5,683,5
11265,3517,5,4892,5,919,5,2388,5,750,5
7274,2843,5,380,5,1168,5,2700,5,451,5
5605,1138,5,593,5,2094,5,1728,5,2545,5
3491,329,5,2492,5,503,5,3709,5,2011,5
3570,3851,5,1300,5,4190,5,278,5,3614,5
5792,1992,5,2639,5,323,5,3118,5,4814,5
10435,2123,5,4769,5,12,5,4244,5,4907,5
11646,178,5,2408,5,189,5,2963,5,3072,5
6948,4548,5,4154,5,3831,5,1246,5,162,5
990,4173,5,2568,5,3369,5,4901,5,568,5
12606,4875,5,588,5,2737,5,4540,5,1151,5
4000,944,5,2548,5,433,5,3654,5,1767,5
1514,571,5,2798,5,4885,5,3765,5,2276,5
1907,4676,5,1471,5,3350,5,4401,5,4871,5
6179,865,5,2626,5,3902,5,2632,5,290,5
11685,3223,5,1727,5,1206,5,3135,5,1184,5
11270,428,5,1223,5,671,5,2707,5,2705,5
8739,4424,5,2002,5,2224,5,2010,5,1121,5
9404,2451,5,2521,5,3169,5,1216,5,654,5
9783,2527,5,4902,5,123,5,956,5,4340,5
6821,1161,5,3003,5,761,5,905,5,2819,5
3528,2815,5,537,5,1085,5,586,5,4163,5
10463,3825,5,2855,5,3648,5,3001,5,2372,5
2692,1441,5,1574,5,2270,5,4433,5,2337,5
588,899,5,373,5,4496,5,3056,5,622,5
13456,1833,5,1706,5,4871,5,2885,5,181,5
7072,4250,5,1853,5,1702,5,4237,5,4204,5
3366,736,5,426,5,848,5,437,5,3654,5
8645,1324,5,2111,5,4117,5,2561,5,4770,5
7883,595,5,2917,5,984,5,370,5,3250,5
5388,4319,5,3262,5,605,5,1085,5,2151,5
1696,998,5,1679,5,162,5,4384,5,543,5
4091,2772,5,558,5,3671,5,3594,5,969,5
1583,2704,5,2699,5,259,5,1311,5,3480,5
7510,3088,5,4883,5,4224,5,1634,5,2682,5
658,3726,5,1966,5,3829,5,4428,5,2035,5
4995,2428,5,4566,5,407,5,2546,5,1120,5
11319,2735,5,4813,5,3857,5,16,5,2534,5
8186,4940,5,3731,5,4493,5,4819,5,4408,5
581,913,5,1384,5,1347,5,21,5,4200,5
8382,2850,5,411,5,1415,5,2424,5,1763,5
8299,1360,5,1091,5,3116,5,3604,5,1357,5
2304,3281,5,3863,5,4257,5,552,5,1059,5
5114,4450,5,3468,5,3518,5,4966,5,3297,5
5766,4183,5,4958,5,3731,5,3701,5,3556,5
5527,3815,5,2290,5,2120,5,2078,5,2876,5
8974,1925,5,2305,5,4161,5,2381,5,3027,5
2356,162,5,2536,5,973,5,1655,5,3347,5
8454,1135,5,3354,5,4702,5,2488,5,2848,5
1338,3983,5,1928,5,3979,5,1676,5,2978,5
2293,1012,5,2425,5,1499,5,2408,5,2524,5
10704,2257,5,150,5,2378,5,2083,5,4744,5
444,1317,5,4205,5,2867,5,951,5,3064,5
155,71,5,106,5,4491,5,4390,5,3277,5
11833,3894,5,960,5,1906,5,3684,5,1466,5
901,2022,5,1914,5,1822,5,4039,5,4607,5
11082,4927,5,667,5,1403,5,2176,5,239,5
12940,2885,5,3629,5,3582,5,435,5,3904,5
12176,972,5,1548,5,4375,5,4776,5,4570,5
3283,4095,5,2240,5,4829,5,1595,5,1077,5
5337,3181,5,4252,5,140,5,3996,5,92,5
13646,4624,5,2090,5,4031,5,571,5,3581,5
1414,654,5,2005,5,2393,5,1151,5,1993,5
5190,4871,5,3080,5,2756,5,353,5,492,5
2242,1233,5,3641,5,1303,5,4836,5,4982,5
1153,1436,5,630,5,751,5,4291,5,241,5
11811,102,5,1049,5,106,5,3616,5,4432,5
12315,1227,5,4715,5,4050,5,2838,5,4758,5
11814,977,5,1239,5,2296,5,2541,5,1112,5
3030,4388,5,843,5,2017,5,3157,5,2163,5
5867,467,5,4266,5,3117,5,4823,5,2279,5
11450,2701,5,4121,5,4030,5,3916,5,2744,5
11060,1264,5,4941,5,3893,5,1792,5,1962,5
4201,1709,5,665,5,732,5,2403,5,2174,5
654,1745,5,2529,5,1416,5,3803,5,2385,5
12198,439,5,715,5,4201,5,1448,5,774,5
5941,2324,5,1542,5,2537,5,3114,5,1396,5
8552,734,5,1654,5,4920,5,2849,5,1798,5
8668,3215,5,2757,5,4764,5,2708,5,2600,5
2051,3315,5,4483,5,3742,5,3835,5,1360,5
13247,3405,5,3074,5,2,5,4751,5,4942,5
4338,2033,5,1116,5,3109,5,104,5,1993,5
10003,4722,5,4970,5,969,5,2039,5,1334,5
11807,4672,5,4146,5,2554,5,3585,5,3990,5
8622,192,5,3205,5,28,5,1935,5,2271,5
7396,2659,5,1820,5,1814,5,4072,5,243,5
5171,1547,5,1231,5,995,5,4658,5,4775,5
4174,1501,5,3735,5,4550,5,1738,5,3073,5
5270,2388,5,4799,5,4199,5,4991,5,4735,5
8758,4224,5,1710,5,3527,5,394,5,501,5
1834,3417,5,4674,5,4354,5,4444,5,2555,5
11090,961,5,588,5,3363,5,216,5,3407,5
1729,4076,5,479,5,2049,5,3193,5,1415,5
11637,4939,5,2207,5,3316,5,449,5,1901,5
2275,3798,5,951,5,3052,5,192,5,1773,5
13855,4562,5,3376,5,1707,5,4525,5,1185,5
8967,3788,5,3735,5,1894,5,966,5,3702,5
5892,4544,5,2482,5,1765,5,2775,5,2003,5
9817,1123,5,476,5,3944,5,964,5,2847,5
324,119,5,412,5,965,5,4226,5,1524,5
5349,2474,5,2102,5,1591,5,1262,5,4023,5
8828,4924,5,2912,5,334,5,4687,5,2523,5
7650,2415,5,4429,5,107,5,3812,5,1711,5
943,255,5,4211,5,1401,5,2660,5,2718,5
879,1203,5,28,5,882,5,199,5,88,5
2147,4052,5,52,5,3682,5,3802,5,2050,5
9328,4514,5,3916,5,1045,5,801,5,2195,5
765,2894,5,1850,5,1741,5,4426,5,3113,5
182,4336,5,1063,5,3002,5,705,5,3160,5
112,1745,5,269,5,4858,5,152,5,4989,5
2596,280,5,596,5,4889,5,2139,5,3991,5
11954,3022,5,3677,5,324,5,3651,5,2187,5
10598,563,5,2065,5,4459,5,2885,5,722,5
10191,3913,5,1490,5,1981,5,4452,5,2339,5
12878,4322,5,4162,5,2016,5,2515,5,4745,5
1833,4719,5,3038,5,932,5,4595,5,494,5
9037,3938,5,4353,5,4703,5,3165,5,1000,5
3270,2305,5,4619,5,2205,5,4123,5,2503,5
13905,2690,5,79,5,3806,5,4714,5,3927,5
1262,114,5,448,5,854,5,212,5,4695,5
11578,4596,5,915,5,38,5,1238,5,233,5
11220,1682,5,2348,5,1250,5,1007,5,3085,5
13143,1270,5,2780,5,963,5,4323,5,2263,5
5959,3516,5,4674,5,2977,5,4076,5,3563,5
2641,2561,5,2251,5,1889,5,4145,5,3206,5
9051,1593,5,3150,5,4537,5,2895,5,3390,5
11275,3000,5,2617,5,2815,5,4776,5,2351,5
11230,1575,5,559,5,4711,5,1023,5,3036,5
