customerid,workerid,workerrating,workerid2,workerrating2,workerid3,workerrating3,workerid4,workerrating4,workerid5,workerrating5
3606,13626,5,1185,5,10202,5,2954,5,323,5
305,12512,5,1420,5,11910,5,9887,5,3532,5
3617,2254,5,3815,5,10640,5,2291,5,2478,5
3430,10953,5,12058,5,4439,5,1914,5,8146,5
2047,6834,5,13187,5,13932,5,9815,5,6578,5
870,9179,5,8006,5,186,5,7401,5,12655,5
3543,3315,5,6414,5,9300,5,499,5,1980,5
63,2747,5,5684,5,7437,5,10113,5,4924,5
2779,2722,5,10200,5,8780,5,10988,5,4659,5
3517,3493,5,8770,5,1131,5,1767,5,10448,5
4103,4960,5,5285,5,692,5,13065,5,13768,5
4266,13853,5,918,5,13076,5,10431,5,12865,5
1117,9161,5,11642,5,3972,5,3043,5,1530,5
2736,13078,5,2943,5,13406,5,8211,5,4262,5
3712,10685,5,119,5,278,5,1344,5,4607,5
800,6159,5,6541,5,10026,5,13150,5,7889,5
2822,1788,5,3504,5,4607,5,8734,5,7935,5
2544,4709,5,7412,5,5816,5,1954,5,11484,5
4672,8363,5,3900,5,9107,5,8768,5,353,5
456,13886,5,4213,5,172,5,13949,5,8241,5
4530,464,5,11793,5,10912,5,5143,5,5601,5
3781,7591,5,13745,5,3010,5,670,5,1183,5
546,9801,5,7733,5,3489,5,2856,5,11408,5
2899,4290,5,282,5,2941,5,692,5,11122,5
3459,1705,5,2114,5,2074,5,12280,5,3326,5
3607,6087,5,11701,5,11482,5,10107,5,5353,5
3180,13237,5,94,5,10345,5,4574,5,11945,5
1305,12609,5,1714,5,12955,5,7196,5,10643,5
1826,10219,5,13823,5,5615,5,8833,5,2017,5
387,7354,5,4444,5,12019,5,12281,5,2234,5
2293,2149,5,758,5,2684,5,10759,5,4329,5
3977,13395,5,4045,5,9173,5,2485,5,7300,5
501,2956,5,3218,5,6876,5,10468,5,1037,5
506,7329,5,13121,5,4930,5,10853,5,27,5
1732,7415,5,4036,5,374,5,11559,5,11564,5
1588,546,5,13952,5,2715,5,9743,5,5253,5
2706,12044,5,2615,5,6587,5,5704,5,13752,5
2852,10871,5,4799,5,7186,5,10906,5,10982,5
4416,2124,5,752,5,1773,5,4373,5,1642,5
1860,6894,5,8036,5,12452,5,1347,5,7385,5
2375,5811,5,5204,5,11702,5,4457,5,5054,5
1289,4859,5,8129,5,10147,5,12804,5,4623,5
3863,3430,5,3583,5,12356,5,8749,5,7076,5
1456,11565,5,1125,5,13794,5,3392,5,10560,5
3460,11446,5,3404,5,5064,5,10167,5,12163,5
2942,780,5,5899,5,3313,5,2254,5,10950,5
1326,8665,5,7531,5,13234,5,11676,5,7366,5
3391,3909,5,8767,5,13668,5,10648,5,11097,5
1149,9359,5,10111,5,12069,5,8319,5,2219,5
1173,11050,5,9124,5,6099,5,11963,5,5882,5
3636,3707,5,9163,5,5250,5,8963,5,2133,5
1076,4994,5,4110,5,7350,5,7275,5,6905,5
2167,5850,5,1261,5,4550,5,6326,5,3728,5
414,9735,5,4926,5,9655,5,11134,5,11370,5
3747,1376,5,6983,5,9369,5,6599,5,1901,5
3808,4417,5,9035,5,10373,5,395,5,369,5
4198,13192,5,526,5,9872,5,277,5,4688,5
63,6411,5,3022,5,10842,5,5827,5,9433,5
2526,8620,5,4021,5,9523,5,13406,5,4949,5
4823,7839,5,1621,5,8828,5,1531,5,9866,5
1608,13868,5,10443,5,2741,5,8221,5,1337,5
3911,2869,5,11839,5,9874,5,9144,5,12481,5
4492,1642,5,1043,5,7062,5,2167,5,9756,5
74,9009,5,5454,5,12996,5,1890,5,8763,5
4144,12663,5,5445,5,11799,5,10304,5,4130,5
965,4150,5,549,5,7649,5,6929,5,3504,5
4472,6934,5,3952,5,3678,5,4630,5,4635,5
2787,2381,5,6564,5,4724,5,6267,5,8167,5
1544,5062,5,1779,5,12409,5,13048,5,5029,5
3624,3478,5,11723,5,4616,5,10433,5,1673,5
2028,5416,5,1696,5,8648,5,13973,5,10124,5
3061,2593,5,13968,5,10056,5,9799,5,976,5
245,197,5,13095,5,4650,5,6127,5,8544,5
931,11182,5,10674,5,6037,5,6064,5,9631,5
881,10478,5,7089,5,3408,5,4768,5,4397,5
3898,6411,5,2979,5,9599,5,9870,5,8963,5
3638,7000,5,4415,5,10114,5,7992,5,13847,5
2009,3381,5,4614,5,9641,5,2652,5,7790,5
4423,8332,5,9026,5,12691,5,11642,5,2449,5
2761,11673,5,8270,5,436,5,1759,5,11996,5
1427,9877,5,10615,5,7677,5,6916,5,6080,5
267,3445,5,11841,5,5361,5,4645,5,12305,5
1560,13019,5,8299,5,9344,5,1525,5,1743,5
2946,6244,5,4765,5,11301,5,4781,5,2040,5
4462,4142,5,7091,5,6106,5,4435,5,13655,5
4673,3854,5,12013,5,12628,5,7601,5,4832,5
405,4201,5,1004,5,5852,5,1935,5,10375,5
1436,12917,5,1375,5,13482,5,6924,5,4843,5
1941,1812,5,624,5,2068,5,12638,5,8599,5
4027,2392,5,2504,5,265,5,1044,5,12483,5
3005,5723,5,1176,5,2344,5,5986,5,1708,5
4986,3965,5,1794,5,7130,5,7781,5,5805,5
1348,11604,5,5162,5,1316,5,8330,5,11913,5
553,6261,5,6920,5,8611,5,5182,5,9402,5
3235,7148,5,10930,5,2521,5,2600,5,10819,5
1486,295,5,253,5,13427,5,3972,5,877,5
3353,8121,5,3162,5,6349,5,9371,5,6101,5
4332,13388,5,1,5,2236,5,13879,5,4434,5
2495,9112,5,12659,5,2717,5,9575,5,4119,5
1073,12775,5,336,5,7691,5,3819,5,6547,5
2440,4472,5,9090,5,5636,5,4530,5,5275,5
1834,10307,5,11604,5,4299,5,390,5,9758,5
1948,319,5,12040,5,1817,5,10577,5,4221,5
827,3580,5,2785,5,1986,5,12503,5,1803,5
2969,3076,5,9278,5,4751,5,10869,5,9472,5
3024,854,5,7875,5,4841,5,397,5,10945,5
3722,11583,5,1411,5,5007,5,11080,5,31,5
131,5124,5,9504,5,6321,5,1354,5,222,5
4555,11152,5,5793,5,2019,5,10596,5,10359,5
3595,11566,5,12127,5,3314,5,9064,5,1324,5
2346,12839,5,4215,5,6526,5,10810,5,342,5
160,799,5,7862,5,4649,5,11152,5,12470,5
4668,9987,5,2706,5,8168,5,13370,5,5939,5
582,4326,5,13711,5,4172,5,2783,5,12292,5
4902,6798,5,7235,5,2301,5,11683,5,13639,5
104,13228,5,2811,5,1185,5,12218,5,4959,5
4423,12492,5,11558,5,4888,5,12672,5,9239,5
4427,7499,5,9909,5,182,5,12833,5,13163,5
2798,4978,5,6423,5,6319,5,10147,5,2023,5
2200,9395,5,1490,5,8331,5,3442,5,874,5
2680,6002,5,160,5,9944,5,2525,5,11025,5
1775,13136,5,11164,5,13890,5,1647,5,13059,5
4963,44,5,3492,5,9032,5,9233,5,13316,5
1021,5460,5,8173,5,9625,5,1528,5,10374,5
2517,4656,5,491,5,3693,5,10164,5,2346,5
1104,4034,5,738,5,13023,5,9074,5,12066,5
967,2913,5,8051,5,8270,5,3111,5,9453,5
3676,10601,5,9692,5,11660,5,5389,5,10468,5
3259,1891,5,10882,5,10584,5,4295,5,1433,5
1734,7675,5,12116,5,1538,5,4883,5,10440,5
4015,7166,5,13604,5,3659,5,3855,5,4812,5
4661,5422,5,4342,5,12454,5,6091,5,9287,5
1688,4062,5,7770,5,12479,5,11410,5,8357,5
3928,2156,5,6536,5,3172,5,8212,5,7483,5
2258,13764,5,8278,5,8223,5,3267,5,12191,5
4614,6226,5,2279,5,3718,5,7264,5,4101,5
4569,1367,5,10754,5,1726,5,13506,5,7727,5
3193,13336,5,2645,5,10351,5,189,5,10267,5
2915,4035,5,9077,5,13660,5,10472,5,175,5
4775,8774,5,10200,5,6917,5,13153,5,4143,5
2199,601,5,5197,5,251,5,11903,5,12775,5
3796,4098,5,11887,5,7581,5,8930,5,665,5
329,12962,5,984,5,10232,5,3093,5,8959,5
3686,9419,5,13314,5,9370,5,4134,5,12858,5
4719,6642,5,3291,5,4728,5,9381,5,6326,5
4004,3737,5,4706,5,9334,5,9034,5,1111,5
3605,1515,5,6396,5,3617,5,3148,5,3007,5
2405,3516,5,10301,5,13497,5,7597,5,11589,5
928,4378,5,3060,5,11057,5,2986,5,8790,5
310,10028,5,4955,5,6283,5,4045,5,3594,5
1011,13152,5,10801,5,3104,5,6016,5,5429,5
3342,6166,5,10087,5,1520,5,3184,5,12384,5
1034,7808,5,4483,5,8058,5,9615,5,5600,5
3931,4230,5,3207,5,191,5,2415,5,2842,5
3846,12301,5,13919,5,4434,5,6421,5,2857,5
1489,6497,5,9512,5,11975,5,6280,5,8406,5
1482,13692,5,3801,5,9860,5,9335,5,2551,5
2439,6610,5,6361,5,1295,5,7150,5,2969,5
619,10055,5,13918,5,2220,5,4446,5,13327,5
1485,4817,5,793,5,6422,5,13685,5,61,5
2413,3903,5,11924,5,7314,5,1060,5,10447,5
2143,12627,5,8070,5,681,5,6096,5,13613,5
1068,12739,5,11317,5,5418,5,1770,5,12784,5
2570,10112,5,9685,5,7205,5,13680,5,8209,5
2766,11302,5,12524,5,2502,5,6449,5,3066,5
3588,1885,5,6662,5,7942,5,2245,5,8886,5
1510,2354,5,11088,5,4487,5,7874,5,3333,5
212,13556,5,11858,5,11911,5,6861,5,11101,5
4101,8826,5,10153,5,5115,5,9481,5,13532,5
91,4950,5,8141,5,5650,5,12054,5,7086,5
4092,6618,5,9205,5,277,5,8456,5,7187,5
198,7622,5,12613,5,1704,5,9155,5,5344,5
810,11835,5,11312,5,10538,5,10034,5,13420,5
1953,2989,5,8484,5,2341,5,1481,5,6065,5
3320,11839,5,4716,5,11987,5,7136,5,6871,5
3892,4568,5,8872,5,6452,5,1239,5,10096,5
2673,2242,5,13190,5,8005,5,1102,5,745,5
1456,12317,5,13389,5,6981,5,2541,5,12515,5
3494,7079,5,8933,5,9360,5,4569,5,1787,5
3453,10661,5,7349,5,12817,5,9085,5,11222,5
3219,9896,5,5447,5,10313,5,11843,5,1634,5
392,3593,5,6716,5,4462,5,6641,5,6200,5
3282,13009,5,7456,5,12731,5,8625,5,7391,5
1882,261,5,1177,5,1660,5,7994,5,10229,5
4930,12875,5,4953,5,10160,5,2068,5,7052,5
4366,5801,5,12537,5,6332,5,821,5,8156,5
328,7402,5,1720,5,7826,5,13752,5,10303,5
3152,9918,5,11850,5,10375,5,9057,5,13262,5
1197,566,5,10086,5,12786,5,7097,5,9561,5
4079,5083,5,13610,5,13672,5,2433,5,3112,5
4002,2098,5,7621,5,11942,5,3051,5,4222,5
1676,9753,5,7145,5,2786,5,7555,5,64,5
4788,10296,5,12912,5,3168,5,434,5,2309,5
4048,1609,5,13698,5,11906,5,10063,5,29,5
4663,9229,5,9012,5,10166,5,986,5,8570,5
4071,11730,5,6066,5,3408,5,4929,5,13988,5
4238,1965,5,13017,5,3016,5,12719,5,5272,5
4938,8150,5,563,5,4898,5,3674,5,3979,5
33,1833,5,9195,5,11645,5,7887,5,5553,5
3616,798,5,13451,5,6508,5,4721,5,3637,5
3938,2357,5,7919,5,13506,5,12720,5,2157,5
1851,3992,5,10579,5,10454,5,466,5,6206,5
4553,13288,5,13738,5,9834,5,12944,5,3942,5
1206,472,5,12299,5,8117,5,3927,5,3102,5
4514,12798,5,3576,5,13222,5,13690,5,11161,5
2398,12226,5,9073,5,5673,5,1132,5,3900,5
3459,8262,5,10605,5,2923,5,11592,5,4606,5
4721,12426,5,11808,5,11257,5,7932,5,1999,5
1090,7858,5,12414,5,3487,5,2184,5,13959,5
678,7819,5,7696,5,4487,5,10881,5,2866,5
1103,11097,5,8408,5,9402,5,10299,5,12639,5
2627,1992,5,2457,5,2477,5,11290,5,4061,5
1906,10681,5,3525,5,9612,5,3579,5,11206,5
4970,4345,5,8507,5,12273,5,12136,5,148,5
2596,13569,5,10303,5,6620,5,5572,5,9653,5
921,11458,5,4735,5,3844,5,10148,5,3533,5
4816,12496,5,3306,5,6802,5,8352,5,1544,5
4710,9106,5,5844,5,3138,5,10995,5,5127,5
4596,12518,5,5484,5,12230,5,2169,5,11632,5
1732,2283,5,3508,5,8743,5,4951,5,10804,5
4342,4365,5,3002,5,2034,5,8011,5,6586,5
4227,12579,5,10103,5,6993,5,7345,5,8118,5
3026,999,5,12564,5,8669,5,11827,5,4583,5
3204,509,5,7982,5,2608,5,1273,5,3204,5
743,4153,5,11823,5,3815,5,13875,5,10909,5
3946,3853,5,1632,5,11238,5,4370,5,8168,5
743,9843,5,11054,5,8631,5,5450,5,2412,5
2291,11614,5,9838,5,7833,5,1718,5,4290,5
1890,10799,5,948,5,2340,5,6062,5,13317,5
4085,6652,5,9009,5,4121,5,3631,5,4099,5
1767,3831,5,12481,5,5819,5,2090,5,8093,5
824,294,5,9171,5,1807,5,5643,5,13293,5
534,193,5,2302,5,5367,5,13118,5,11258,5
966,8613,5,1267,5,909,5,13095,5,10157,5
454,4970,5,6275,5,1427,5,13826,5,10501,5
3924,11836,5,4213,5,5072,5,11276,5,6317,5
1855,13115,5,4105,5,5417,5,13753,5,10579,5
3550,3322,5,6355,5,1229,5,6798,5,4583,5
4156,11388,5,4027,5,10446,5,11747,5,5368,5
1434,9211,5,12840,5,7836,5,10985,5,3043,5
1628,13076,5,10320,5,12772,5,5855,5,8194,5
4730,2035,5,5095,5,75,5,4873,5,5630,5
383,2102,5,2436,5,11055,5,6948,5,10458,5
251,2407,5,8142,5,8649,5,11221,5,2284,5
4218,9785,5,9338,5,10638,5,7,5,5778,5
1919,96,5,3786,5,13276,5,12993,5,2926,5
1299,6674,5,1266,5,6581,5,2753,5,1187,5
2311,2909,5,10082,5,5249,5,10469,5,11595,5
3906,11396,5,3992,5,3871,5,4314,5,13064,5
3422,3895,5,214,5,68,5,12714,5,134,5
118,10175,5,1727,5,9659,5,6989,5,1215,5
1945,5447,5,7829,5,10082,5,10892,5,12463,5
264,8740,5,1270,5,7988,5,12833,5,1689,5
68,3409,5,11586,5,12083,5,7652,5,2294,5
4124,11016,5,6935,5,3952,5,4778,5,6626,5
1054,8729,5,8602,5,17,5,7156,5,7175,5
3194,3530,5,13911,5,625,5,7128,5,1778,5
4288,10170,5,2512,5,12346,5,10328,5,10815,5
1682,1329,5,13087,5,6527,5,2900,5,12860,5
1385,8545,5,431,5,183,5,7582,5,11182,5
1949,11680,5,1281,5,4361,5,4208,5,744,5
5000,11923,5,5774,5,999,5,267,5,13224,5
4583,1223,5,4598,5,7091,5,12315,5,4326,5
1871,4707,5,8371,5,1209,5,10284,5,7148,5
1019,12824,5,8395,5,11770,5,3759,5,10720,5
772,8270,5,3884,5,13090,5,13068,5,10047,5
469,6826,5,3841,5,8926,5,13386,5,10423,5
3346,5439,5,6479,5,7546,5,3236,5,7518,5
2611,3281,5,4801,5,7351,5,12504,5,5226,5
3819,2512,5,2247,5,2609,5,11301,5,7677,5
3790,10552,5,6928,5,13387,5,9275,5,11194,5
4841,12424,5,12013,5,1238,5,9203,5,2687,5
2815,4117,5,6607,5,10169,5,6735,5,5383,5
1536,13094,5,6717,5,5762,5,1599,5,9868,5
2037,11201,5,607,5,11670,5,8358,5,9223,5
4589,12118,5,10285,5,7244,5,7744,5,8943,5
3543,1327,5,136,5,12515,5,1104,5,8935,5
4572,7310,5,7848,5,4089,5,7852,5,10618,5
2345,11508,5,5903,5,3347,5,4306,5,3645,5
3228,3289,5,13481,5,3298,5,6735,5,13479,5
1038,9968,5,4732,5,8474,5,5821,5,3132,5
3301,7693,5,11646,5,13567,5,8760,5,7165,5
2311,12941,5,13030,5,7486,5,5608,5,3010,5
1053,2072,5,3954,5,13791,5,13424,5,7222,5
4562,9623,5,8120,5,4859,5,4294,5,11196,5
2780,10394,5,4535,5,3033,5,12232,5,6657,5
604,13524,5,12715,5,8769,5,5287,5,1654,5
701,12154,5,199,5,1814,5,6864,5,9518,5
1252,12503,5,9939,5,2920,5,171,5,5319,5
772,5932,5,7270,5,11513,5,13145,5,1816,5
3062,12952,5,3405,5,10179,5,9190,5,2597,5
1383,2818,5,318,5,5138,5,9945,5,3328,5
2810,7062,5,7624,5,13727,5,2264,5,3988,5
4813,5764,5,10792,5,10157,5,10646,5,3757,5
4216,7670,5,5098,5,5516,5,8651,5,9700,5
3067,2738,5,75,5,8818,5,8587,5,12886,5
2067,4314,5,4899,5,1270,5,793,5,10362,5
908,13143,5,2739,5,4811,5,8825,5,10142,5
1464,9869,5,8652,5,4039,5,10044,5,7375,5
1093,11135,5,9248,5,2953,5,214,5,8242,5
1377,7714,5,11495,5,14,5,10307,5,10095,5
69,1929,5,13380,5,9729,5,5916,5,5748,5
1333,11568,5,11170,5,2166,5,11284,5,12172,5
4400,9173,5,10054,5,12278,5,483,5,7103,5
4521,3079,5,10100,5,11671,5,9766,5,4444,5
1368,3518,5,2046,5,10857,5,3040,5,435,5
3421,5182,5,10936,5,10803,5,10510,5,766,5
2819,5018,5,1921,5,12878,5,4718,5,3365,5
1844,9885,5,351,5,9521,5,1068,5,883,5
2681,8689,5,9654,5,3429,5,10473,5,9373,5
2541,6121,5,13446,5,8993,5,1567,5,3762,5
1,5326,5,9960,5,10765,5,1317,5,9828,5
275,2629,5,2044,5,5765,5,11324,5,10694,5
4679,8726,5,10080,5,4263,5,13993,5,3582,5
2451,13143,5,7339,5,546,5,348,5,1107,5
1062,1820,5,13190,5,3200,5,13167,5,12881,5
1408,1760,5,11679,5,1641,5,3656,5,6009,5
24,5254,5,5450,5,6013,5,9796,5,2389,5
4276,4410,5,1944,5,8827,5,1879,5,11399,5
1535,2676,5,12721,5,2517,5,7437,5,12588,5
1435,7882,5,11,5,10081,5,5690,5,883,5
3541,5277,5,13773,5,8807,5,6748,5,4924,5
2871,4796,5,12703,5,3106,5,2404,5,1482,5
3716,7108,5,2307,5,696,5,856,5,12166,5
1542,5387,5,7433,5,10851,5,13824,5,577,5
3121,8022,5,8620,5,11319,5,5049,5,5703,5
3020,4426,5,12925,5,13876,5,1813,5,8919,5
3197,966,5,3336,5,1536,5,13754,5,1365,5
4540,8870,5,13418,5,5432,5,3564,5,12102,5
4765,12700,5,4301,5,10855,5,8347,5,12026,5
1194,13935,5,5026,5,11326,5,6201,5,378,5
4334,9094,5,3575,5,12475,5,441,5,5404,5
489,3479,5,12058,5,11597,5,11858,5,3426,5
4074,1389,5,8113,5,2625,5,7800,5,1266,5
3013,9191,5,8567,5,10984,5,213,5,7805,5
2934,6732,5,5765,5,8585,5,7992,5,3862,5
2438,266,5,1144,5,13580,5,3621,5,164,5
2769,8535,5,2795,5,8055,5,4251,5,1355,5
1672,9037,5,12227,5,11316,5,8438,5,11255,5
1457,10242,5,1174,5,1023,5,12921,5,5772,5
2562,5520,5,8443,5,13136,5,9968,5,3044,5
2618,5757,5,10150,5,11081,5,1896,5,695,5
130,1859,5,13642,5,4180,5,10057,5,4695,5
2090,9182,5,10338,5,3153,5,12554,5,10685,5
3360,3174,5,8004,5,8448,5,11149,5,6321,5
188,394,5,13677,5,13884,5,5691,5,13018,5
1048,9001,5,5165,5,4600,5,2860,5,4358,5
327,12384,5,13012,5,6552,5,11738,5,5983,5
1602,399,5,3,5,629,5,11829,5,450,5
2436,5957,5,1166,5,12835,5,273,5,48,5
950,7817,5,8071,5,12500,5,4233,5,4612,5
240,8435,5,140,5,10220,5,8370,5,7428,5
2440,8773,5,8954,5,4871,5,5955,5,4737,5
319,10159,5,13094,5,5764,5,963,5,11101,5
4854,7124,5,3586,5,3696,5,6318,5,2298,5
2837,8210,5,4543,5,1469,5,5158,5,6805,5
4523,983,5,785,5,3567,5,607,5,7113,5
1021,2522,5,2326,5,12812,5,7139,5,5113,5
4596,3122,5,8269,5,12107,5,8632,5,5613,5
1852,13602,5,8042,5,537,5,570,5,11979,5
4422,7887,5,1433,5,9337,5,8511,5,8662,5
3866,6073,5,2115,5,6283,5,10762,5,7001,5
3255,1759,5,5220,5,6532,5,5543,5,8413,5
764,5491,5,3124,5,2584,5,13586,5,11423,5
2671,11428,5,7467,5,8550,5,5524,5,8396,5
679,13104,5,498,5,11896,5,9651,5,1539,5
1720,11543,5,13776,5,10623,5,9297,5,10877,5
2997,4350,5,10629,5,2137,5,9288,5,537,5
2706,7982,5,9053,5,10296,5,7287,5,9400,5
4243,9511,5,6769,5,8067,5,5571,5,11833,5
2997,12682,5,12664,5,3532,5,6642,5,10400,5
2048,8953,5,6159,5,11499,5,9224,5,9821,5
1346,3600,5,6645,5,10468,5,873,5,9220,5
3142,8142,5,8210,5,792,5,12026,5,3879,5
3983,13881,5,12120,5,12122,5,9293,5,4568,5
1465,9142,5,8225,5,11,5,11397,5,2932,5
3633,3370,5,8880,5,5882,5,10938,5,661,5
3654,13136,5,4230,5,9693,5,753,5,12767,5
1540,9060,5,8204,5,6832,5,13653,5,4004,5
3048,11342,5,13898,5,10420,5,3613,5,13228,5
545,4875,5,1394,5,13795,5,1526,5,6374,5
656,6429,5,1977,5,13401,5,8682,5,7470,5
2690,6834,5,6310,5,7959,5,9436,5,4046,5
1891,1131,5,12108,5,4266,5,5566,5,4004,5
2879,10758,5,11277,5,12423,5,3805,5,6474,5
1609,7727,5,4414,5,2688,5,11797,5,711,5
881,6606,5,1409,5,13756,5,3366,5,12889,5
377,5882,5,1510,5,6015,5,8494,5,926,5
1790,6333,5,4670,5,5658,5,2267,5,5874,5
2801,7139,5,9748,5,12708,5,11166,5,4545,5
949,6678,5,3137,5,3780,5,2863,5,13622,5
2345,10807,5,657,5,10271,5,1991,5,9852,5
4595,11852,5,11178,5,12794,5,5388,5,13107,5
2131,13864,5,11879,5,7061,5,513,5,530,5
1882,364,5,3171,5,13934,5,6607,5,1865,5
2087,6570,5,1720,5,4496,5,4120,5,1289,5
2240,13779,5,7035,5,438,5,7105,5,11218,5
968,13504,5,11723,5,13407,5,7282,5,119,5
1959,5614,5,4340,5,10223,5,9158,5,1679,5
2559,8585,5,7626,5,7351,5,8216,5,13915,5
4725,4370,5,12690,5,3640,5,5180,5,5650,5
85,13740,5,1401,5,11168,5,13208,5,11943,5
817,5250,5,7274,5,11049,5,12518,5,9441,5
2872,2449,5,12967,5,4611,5,7296,5,874,5
1295,2389,5,11054,5,6590,5,12378,5,4792,5
1306,12403,5,5689,5,7485,5,11909,5,11423,5
4130,7587,5,9018,5,4367,5,1565,5,13432,5
4881,6626,5,11738,5,6215,5,4789,5,9181,5
3852,2903,5,8010,5,7178,5,12416,5,5867,5
3277,11316,5,3885,5,1124,5,9843,5,1143,5
491,8071,5,13477,5,6303,5,10225,5,1081,5
2330,926,5,2868,5,10638,5,3948,5,9300,5
1924,9295,5,639,5,12978,5,4969,5,9695,5
4182,385,5,4475,5,2084,5,648,5,7685,5
2904,1344,5,7544,5,8298,5,6678,5,7268,5
1578,256,5,4073,5,10114,5,10830,5,1168,5
4590,3614,5,168,5,7505,5,7894,5,11089,5
4413,314,5,7214,5,3746,5,8001,5,2355,5
2497,1569,5,3581,5,3396,5,1122,5,1450,5
3189,7583,5,7444,5,446,5,2993,5,13397,5
4022,13532,5,1094,5,12191,5,5146,5,12433,5
1894,3089,5,3361,5,3726,5,12018,5,9361,5
3160,5178,5,1857,5,4057,5,6709,5,7357,5
4843,4451,5,3212,5,462,5,9276,5,3290,5
455,10984,5,8311,5,2827,5,13167,5,13377,5
1294,7687,5,12781,5,4294,5,5459,5,9543,5
3784,5999,5,821,5,3869,5,11297,5,8336,5
3030,7296,5,2513,5,7764,5,9128,5,9074,5
3531,4193,5,3236,5,12171,5,175,5,9203,5
344,10347,5,8541,5,6721,5,2491,5,8434,5
3461,13840,5,6798,5,10031,5,4414,5,7688,5
546,6479,5,7850,5,1896,5,7754,5,2707,5
3767,13456,5,5311,5,10287,5,13200,5,11819,5
4206,7872,5,11513,5,6108,5,11934,5,556,5
4704,8554,5,1316,5,13293,5,1450,5,6937,5
2034,9136,5,3658,5,13607,5,10258,5,12403,5
4037,9153,5,3896,5,1300,5,353,5,3055,5
4538,12002,5,5829,5,10203,5,783,5,6370,5
112,5998,5,2485,5,6911,5,3873,5,11357,5
841,4777,5,12755,5,6443,5,12602,5,10083,5
1813,7804,5,2716,5,2919,5,3535,5,909,5
1958,2393,5,1835,5,511,5,4531,5,3155,5
612,6868,5,10009,5,7818,5,3773,5,8658,5
4974,7256,5,2959,5,4679,5,7654,5,7375,5
3134,11128,5,12617,5,12482,5,12330,5,13401,5
1010,6048,5,9483,5,6863,5,347,5,6906,5
3435,3414,5,3563,5,8681,5,185,5,4682,5
4500,5293,5,5600,5,2503,5,5710,5,11519,5
851,11041,5,4985,5,11628,5,11572,5,4972,5
375,10161,5,4264,5,4970,5,1206,5,3729,5
2552,9747,5,2578,5,11566,5,7469,5,9812,5
169,51,5,92,5,5927,5,7052,5,6410,5
43,7029,5,8705,5,13102,5,9598,5,4992,5
48,4763,5,6467,5,6171,5,2243,5,4264,5
4773,13817,5,8945,5,4072,5,7636,5,7074,5
859,8371,5,8403,5,10303,5,7450,5,1651,5
736,5799,5,1506,5,4900,5,4998,5,5304,5
3441,7985,5,3648,5,7830,5,13824,5,9874,5
4630,11690,5,11762,5,731,5,13856,5,7721,5
641,7026,5,11569,5,3324,5,8019,5,13772,5
797,12930,5,5124,5,10443,5,12959,5,5589,5
4697,6365,5,3514,5,4596,5,10106,5,10093,5
1831,3458,5,12726,5,12370,5,9086,5,3329,5
1588,6097,5,11629,5,10221,5,903,5,970,5
1866,3253,5,7927,5,11438,5,1124,5,3727,5
765,6566,5,10769,5,270,5,3075,5,11696,5
2543,7802,5,7689,5,6810,5,3428,5,4687,5
116,10842,5,13823,5,8658,5,3239,5,10895,5
4344,3939,5,9165,5,9421,5,9482,5,3835,5
1128,9524,5,9076,5,5589,5,10475,5,622,5
1144,10222,5,12216,5,6807,5,11369,5,7621,5
2837,11487,5,7891,5,6068,5,13757,5,7272,5
3664,6486,5,13501,5,2453,5,4615,5,12990,5
3132,10241,5,2130,5,11208,5,11474,5,2541,5
4580,9320,5,2740,5,3736,5,6808,5,11148,5
842,353,5,4585,5,9631,5,1570,5,6481,5
4566,3046,5,750,5,2489,5,8998,5,6166,5
4307,8354,5,13803,5,4457,5,4,5,11544,5
3624,3828,5,11784,5,7574,5,6547,5,2921,5
1485,3394,5,10253,5,10819,5,7023,5,7515,5
2627,7836,5,12480,5,5673,5,5781,5,2764,5
4530,685,5,12361,5,8012,5,4904,5,10301,5
4784,1024,5,4633,5,11720,5,6932,5,1316,5
683,8673,5,11369,5,9361,5,3833,5,3818,5
2766,4254,5,10622,5,6598,5,1424,5,12277,5
2144,13281,5,12537,5,10435,5,11425,5,12057,5
2753,11736,5,9025,5,9922,5,4670,5,7973,5
1323,8663,5,1515,5,6229,5,10754,5,6064,5
1739,12380,5,10518,5,9143,5,13461,5,8555,5
825,3802,5,4134,5,5228,5,1636,5,8630,5
3890,12717,5,10092,5,13646,5,10927,5,107,5
1229,2565,5,6602,5,448,5,11291,5,862,5
2353,1741,5,6294,5,2149,5,13410,5,2609,5
4926,5719,5,5804,5,10381,5,9477,5,10463,5
1810,10880,5,1242,5,11786,5,551,5,13461,5
473,901,5,8527,5,10903,5,2409,5,1423,5
2014,2613,5,3037,5,7320,5,3765,5,13769,5
4434,578,5,3190,5,9035,5,3716,5,7214,5
1984,8190,5,13640,5,7665,5,3627,5,3763,5
2854,9783,5,12288,5,10312,5,12167,5,1159,5
1163,11329,5,10916,5,13281,5,4985,5,6534,5
2902,9620,5,10912,5,11491,5,4720,5,9013,5
4543,2515,5,253,5,11455,5,5922,5,12417,5
594,2222,5,8687,5,7707,5,11398,5,9676,5
2309,7384,5,8018,5,354,5,9226,5,10423,5
3362,11007,5,422,5,4322,5,12084,5,4082,5
807,10273,5,13510,5,9009,5,8169,5,9488,5
3100,5869,5,10544,5,9676,5,4157,5,7495,5
3200,4474,5,5883,5,3262,5,3600,5,6504,5
2503,3414,5,1704,5,12943,5,3382,5,9473,5
4019,6553,5,8277,5,6731,5,3801,5,4637,5
3611,12589,5,10365,5,8353,5,10564,5,5397,5
3703,432,5,6605,5,5000,5,5531,5,7342,5
4870,8612,5,8229,5,5252,5,3870,5,13456,5
4834,2821,5,7834,5,6316,5,2989,5,11324,5
2100,8789,5,6563,5,10068,5,7047,5,2690,5
3792,13577,5,1679,5,8959,5,156,5,13230,5
1173,13569,5,13896,5,9815,5,1521,5,2780,5
651,12929,5,8624,5,8700,5,12566,5,4483,5
4078,9892,5,2880,5,12230,5,7958,5,7333,5
3469,13981,5,6673,5,11695,5,7521,5,13918,5
4148,7270,5,3283,5,7033,5,8714,5,3089,5
4548,9619,5,3524,5,8837,5,9542,5,3886,5
4322,8563,5,4096,5,4289,5,11349,5,12294,5
2623,115,5,12369,5,2723,5,2245,5,2382,5
4653,1916,5,9071,5,2148,5,12385,5,11773,5
971,6007,5,11661,5,5298,5,10831,5,10508,5
3695,5398,5,13726,5,13260,5,9316,5,2696,5
1105,1320,5,3236,5,12947,5,947,5,9622,5
1447,520,5,11521,5,3718,5,4984,5,3759,5
1090,13845,5,3134,5,165,5,9236,5,6492,5
4132,10537,5,6673,5,2262,5,8637,5,12938,5
4289,4564,5,13572,5,9814,5,8940,5,13665,5
146,3531,5,3707,5,10341,5,2161,5,9337,5
1018,2649,5,9730,5,11798,5,13216,5,4857,5
1358,7301,5,12385,5,8759,5,10931,5,13424,5
314,1546,5,3559,5,13974,5,9260,5,3529,5
127,12361,5,9445,5,13426,5,12274,5,760,5
4838,10373,5,7163,5,6360,5,3742,5,5430,5
2052,11968,5,12544,5,10294,5,13392,5,7467,5
4579,1202,5,2026,5,3592,5,7076,5,13714,5
384,4818,5,11826,5,9918,5,9926,5,6274,5
4840,3614,5,13815,5,8572,5,7049,5,7580,5
3781,11912,5,2289,5,3586,5,8971,5,3278,5
3593,58,5,6054,5,13583,5,8519,5,344,5
2856,4335,5,12910,5,75,5,8198,5,13517,5
1085,5237,5,5761,5,3329,5,10117,5,4409,5
2217,1877,5,9931,5,5419,5,9584,5,7658,5
4241,5633,5,10931,5,2876,5,4017,5,106,5
77,12975,5,8018,5,8139,5,2818,5,7266,5
3445,4655,5,8572,5,11148,5,139,5,4760,5
3830,9732,5,8861,5,13272,5,2888,5,13965,5
4115,5991,5,5560,5,8603,5,10626,5,1304,5
1915,11575,5,13358,5,12545,5,3048,5,8962,5
1925,5110,5,239,5,2612,5,1465,5,12872,5
4134,10699,5,12022,5,1447,5,13433,5,2965,5
143,9431,5,12036,5,8721,5,1121,5,5273,5
4847,12405,5,4917,5,11261,5,12818,5,8330,5
2333,1406,5,9131,5,13104,5,9892,5,5372,5
973,4823,5,11346,5,4958,5,9051,5,1983,5
2791,1152,5,10580,5,10855,5,7027,5,2353,5
2656,11807,5,11353,5,2609,5,1409,5,7250,5
310,13311,5,1247,5,13943,5,11856,5,4870,5
1702,643,5,7775,5,9194,5,5589,5,55,5
2118,7165,5,11375,5,3372,5,8114,5,11183,5
2062,11553,5,1946,5,5578,5,4679,5,903,5
790,6960,5,8293,5,5834,5,1404,5,7819,5
1113,11819,5,8217,5,8771,5,13684,5,62,5
2674,5751,5,688,5,13099,5,10567,5,11369,5
2762,4050,5,7931,5,11100,5,66,5,1801,5
1083,13930,5,12940,5,6470,5,6156,5,13122,5
130,11909,5,379,5,7443,5,10401,5,11453,5
199,4916,5,475,5,9851,5,6872,5,5463,5
3283,7329,5,169,5,12128,5,2679,5,11712,5
4403,13035,5,2449,5,7301,5,3048,5,7650,5
2089,6922,5,13922,5,8431,5,5081,5,10626,5
1786,9090,5,8188,5,9401,5,12739,5,9471,5
2407,5209,5,7547,5,5211,5,3123,5,9618,5
4879,4415,5,4724,5,4941,5,588,5,4395,5
3442,4367,5,12939,5,1804,5,4423,5,9780,5
3655,12290,5,8909,5,4868,5,9465,5,8692,5
2246,6751,5,1355,5,10491,5,1191,5,13363,5
333,3585,5,782,5,3484,5,10164,5,8240,5
2036,4059,5,10396,5,3200,5,8449,5,4647,5
3585,6552,5,4348,5,6142,5,12812,5,2265,5
1071,12548,5,6779,5,728,5,9577,5,3672,5
337,1177,5,9241,5,2208,5,13159,5,12974,5
1908,10398,5,5329,5,1341,5,4277,5,6323,5
3500,11947,5,8333,5,11638,5,8315,5,9370,5
3223,2596,5,11039,5,2227,5,10636,5,5143,5
8,4156,5,3746,5,7801,5,6047,5,11762,5
1155,7440,5,598,5,3082,5,1388,5,8025,5
2299,13210,5,8716,5,12199,5,11956,5,10806,5
1521,13152,5,13761,5,2120,5,9337,5,388,5
3285,13643,5,11888,5,6990,5,5135,5,2334,5
2167,6397,5,8711,5,9144,5,10027,5,9564,5
2065,3342,5,10285,5,1082,5,1698,5,11854,5
3930,6512,5,10384,5,5964,5,3244,5,2028,5
4438,8779,5,391,5,9656,5,5861,5,2373,5
3706,4393,5,4251,5,5510,5,8998,5,8058,5
215,4338,5,5289,5,3585,5,8162,5,4923,5
436,2318,5,2505,5,11997,5,2259,5,13262,5
2623,4151,5,18,5,10538,5,13158,5,6449,5
4548,8487,5,9945,5,7629,5,11168,5,5515,5
2682,6729,5,1805,5,3566,5,6170,5,4804,5
1340,239,5,10984,5,9842,5,11781,5,3032,5
879,3860,5,5862,5,10089,5,4104,5,8540,5
4384,961,5,7170,5,4414,5,889,5,935,5
15,1770,5,8995,5,4310,5,6948,5,7551,5
151,2821,5,8458,5,10549,5,1736,5,6821,5
1470,11909,5,9206,5,2577,5,2334,5,6013,5
4308,11606,5,11834,5,10360,5,2715,5,11689,5
3028,659,5,11500,5,1281,5,9349,5,3573,5
1810,8380,5,13576,5,10571,5,10750,5,2710,5
1640,2022,5,2454,5,12381,5,12445,5,1037,5
643,4661,5,123,5,4161,5,1469,5,75,5
4702,7336,5,11167,5,9612,5,13963,5,1203,5
4632,5116,5,9218,5,8806,5,508,5,10804,5
249,7500,5,183,5,10443,5,10375,5,2603,5
3102,1028,5,9778,5,9213,5,9783,5,1830,5
3728,13262,5,378,5,8616,5,9859,5,2117,5
4842,7366,5,13391,5,12281,5,7950,5,11186,5
4030,8910,5,6937,5,5677,5,13050,5,3068,5
952,13285,5,7265,5,9769,5,7097,5,2436,5
391,11922,5,6076,5,11529,5,8172,5,13018,5
2132,3136,5,12886,5,13679,5,2040,5,13990,5
728,13969,5,6716,5,12855,5,7164,5,2513,5
1497,2056,5,276,5,7999,5,3385,5,1535,5
694,2946,5,3928,5,10369,5,13575,5,602,5
2296,3083,5,8962,5,785,5,1678,5,11644,5
4944,7397,5,748,5,13143,5,1742,5,7598,5
1213,8255,5,1874,5,11792,5,10005,5,7625,5
4824,6010,5,13190,5,10339,5,1699,5,11036,5
2720,4996,5,1806,5,9646,5,13636,5,960,5
4875,960,5,11037,5,5575,5,10258,5,5770,5
4535,8019,5,7078,5,3807,5,4221,5,10200,5
91,9392,5,10541,5,4256,5,10268,5,5470,5
3380,2795,5,3668,5,5700,5,5759,5,1857,5
4153,4120,5,11370,5,5963,5,9014,5,13527,5
4585,10742,5,4365,5,11281,5,3595,5,6681,5
126,13903,5,4965,5,456,5,8343,5,13272,5
4621,3828,5,13118,5,13501,5,5223,5,2809,5
1611,13968,5,97,5,9122,5,6425,5,4129,5
266,6985,5,9878,5,2410,5,9605,5,7970,5
3569,11404,5,1933,5,728,5,1100,5,6021,5
4191,8759,5,681,5,669,5,6414,5,10506,5
170,10545,5,13978,5,637,5,12662,5,596,5
3848,4169,5,6056,5,2342,5,55,5,10403,5
1499,10818,5,385,5,3103,5,10713,5,11466,5
3496,3751,5,1105,5,3691,5,13232,5,6533,5
3043,5081,5,10708,5,11240,5,2912,5,7851,5
725,5400,5,12560,5,2515,5,8257,5,8676,5
3698,4994,5,11522,5,1879,5,5251,5,2405,5
2345,7049,5,4425,5,9268,5,8034,5,9444,5
3473,2896,5,1806,5,12426,5,4454,5,1922,5
1642,12559,5,9414,5,8723,5,9759,5,12896,5
4152,11928,5,4728,5,10918,5,6087,5,8271,5
2720,5072,5,13241,5,9881,5,4508,5,5251,5
3741,13068,5,957,5,8859,5,10605,5,4116,5
1389,9098,5,4838,5,2182,5,4758,5,4100,5
2708,10763,5,8922,5,8207,5,7971,5,7624,5
2577,9538,5,1310,5,4098,5,7372,5,1513,5
4350,3371,5,3987,5,10030,5,12519,5,5990,5
853,7939,5,9486,5,8908,5,7614,5,5098,5
4699,11444,5,7263,5,6131,5,5565,5,3924,5
353,2224,5,13855,5,9688,5,297,5,2346,5
4714,7237,5,9723,5,2866,5,13745,5,187,5
2374,10541,5,12210,5,7481,5,12761,5,1672,5
4979,7609,5,9859,5,10641,5,11761,5,13541,5
3014,5417,5,7742,5,11369,5,1790,5,4725,5
2440,8957,5,6065,5,8691,5,8245,5,7515,5
3812,12994,5,5537,5,6213,5,2440,5,3567,5
2249,13753,5,412,5,11583,5,199,5,12207,5
2384,2146,5,2755,5,9533,5,4640,5,7012,5
1947,515,5,4834,5,11102,5,13577,5,1626,5
4297,7897,5,6483,5,1312,5,4599,5,9981,5
1296,2956,5,13894,5,369,5,11148,5,7722,5
2526,13359,5,6379,5,8754,5,632,5,13031,5
3147,9174,5,2490,5,362,5,5390,5,1709,5
4562,2486,5,7127,5,5626,5,11895,5,4573,5
1150,5338,5,2962,5,5787,5,1260,5,536,5
4659,4523,5,8372,5,11209,5,5284,5,10519,5
3326,12308,5,7041,5,8674,5,13040,5,13819,5
307,336,5,6566,5,5545,5,828,5,7553,5
1616,13512,5,9040,5,12257,5,12237,5,3143,5
4928,741,5,1459,5,11968,5,2390,5,5113,5
4083,3486,5,4705,5,2243,5,13509,5,6032,5
815,8142,5,2177,5,4225,5,11484,5,5758,5
1864,10078,5,1555,5,9856,5,6737,5,2191,5
2214,1583,5,776,5,1260,5,11206,5,2277,5
3572,11262,5,8638,5,10579,5,12947,5,3618,5
3628,8181,5,5174,5,6877,5,12213,5,9726,5
739,7196,5,12867,5,3440,5,476,5,7153,5
276,3189,5,7452,5,1679,5,571,5,10184,5
869,8784,5,797,5,11695,5,11524,5,4082,5
490,12484,5,433,5,684,5,400,5,6328,5
2107,5461,5,10896,5,837,5,2994,5,3418,5
2719,4927,5,7395,5,12358,5,8556,5,8000,5
2905,6254,5,1950,5,8527,5,546,5,9502,5
3426,4089,5,5817,5,10224,5,8620,5,13228,5
4914,1464,5,7440,5,7076,5,2675,5,7612,5
378,10346,5,8584,5,9702,5,12092,5,4340,5
3201,12683,5,6130,5,9416,5,11887,5,9663,5
1132,12126,5,3709,5,6099,5,3703,5,11215,5
1485,7826,5,8438,5,10840,5,5467,5,7131,5
2997,1184,5,2954,5,5381,5,20,5,1039,5
4853,707,5,3124,5,7492,5,192,5,1297,5
794,563,5,2692,5,2050,5,4371,5,13633,5
76,13631,5,8908,5,13421,5,1177,5,5038,5
2792,11778,5,696,5,2452,5,4379,5,9037,5
2914,7768,5,877,5,1820,5,5758,5,3094,5
1734,8170,5,30,5,3663,5,6169,5,9947,5
974,5919,5,9315,5,4980,5,9082,5,6831,5
2048,5057,5,12702,5,12793,5,4725,5,5475,5
4824,13394,5,7369,5,3197,5,12108,5,12131,5
4419,8387,5,8004,5,1107,5,4368,5,3687,5
1034,6026,5,9391,5,10217,5,11843,5,12407,5
3508,3516,5,1071,5,13388,5,13530,5,2459,5
908,4216,5,4265,5,9208,5,1380,5,11733,5
2493,4119,5,1616,5,7761,5,6765,5,428,5
4304,902,5,3536,5,6157,5,7816,5,1710,5
166,13034,5,4795,5,1800,5,10749,5,12957,5
2386,2514,5,2773,5,2078,5,12761,5,2546,5
4923,12291,5,6440,5,4762,5,218,5,3412,5
3876,9332,5,1136,5,2027,5,2132,5,9434,5
1568,11293,5,6307,5,11251,5,1571,5,6873,5
3052,2865,5,6421,5,13617,5,5690,5,1517,5
1713,1470,5,5702,5,1791,5,5964,5,8424,5
3639,3922,5,5533,5,9669,5,3348,5,6049,5
1672,2668,5,11210,5,13195,5,11588,5,2126,5
1784,13318,5,5151,5,11283,5,13019,5,5020,5
2031,11178,5,7348,5,10442,5,12087,5,11378,5
1272,8267,5,276,5,4267,5,5723,5,11576,5
636,5773,5,9007,5,8087,5,2429,5,4889,5
836,3546,5,3761,5,1811,5,6300,5,8492,5
4206,12529,5,4098,5,10264,5,774,5,2802,5
2134,13425,5,9040,5,8960,5,6025,5,3597,5
2402,10656,5,4060,5,9023,5,10394,5,2117,5
1900,6449,5,2447,5,5419,5,1389,5,8672,5
1734,4585,5,6573,5,682,5,3933,5,1472,5
3461,10075,5,13699,5,6438,5,11458,5,13369,5
4398,8974,5,5500,5,1543,5,5200,5,10270,5
2256,13367,5,2266,5,11484,5,6529,5,5027,5
3592,2559,5,670,5,13334,5,9859,5,851,5
902,3655,5,4060,5,12982,5,3623,5,7758,5
4153,2364,5,4495,5,7682,5,8086,5,11356,5
731,9622,5,1082,5,10870,5,1043,5,341,5
2337,11272,5,8018,5,1427,5,9194,5,5230,5
256,4746,5,6979,5,3703,5,11187,5,861,5
1948,12023,5,6816,5,9392,5,8597,5,8315,5
3088,13840,5,10518,5,6563,5,12305,5,5662,5
58,2419,5,4619,5,458,5,1158,5,8191,5
4101,5421,5,1681,5,10217,5,12705,5,73,5
545,4570,5,2069,5,1210,5,8464,5,2166,5
4958,4894,5,4193,5,2886,5,3172,5,12194,5
3957,11789,5,6237,5,10457,5,8319,5,4763,5
1741,5706,5,13249,5,1608,5,13046,5,3477,5
2004,2904,5,6494,5,12621,5,13279,5,12244,5
2048,3253,5,5374,5,409,5,9650,5,13224,5
729,2846,5,7269,5,13603,5,6614,5,5521,5
3649,11979,5,4658,5,13163,5,4932,5,6504,5
4531,300,5,9029,5,8913,5,3376,5,1000,5
4448,1572,5,7925,5,12417,5,1311,5,9517,5
2390,712,5,2813,5,11987,5,481,5,11351,5
1140,9105,5,11201,5,937,5,4429,5,4721,5
4868,5047,5,10258,5,8116,5,1871,5,7146,5
690,645,5,4236,5,13945,5,3036,5,12299,5
3663,5268,5,6167,5,10770,5,1267,5,2939,5
3415,190,5,4969,5,10568,5,929,5,2128,5
3858,6567,5,506,5,954,5,1998,5,2097,5
1739,2453,5,8105,5,6737,5,2099,5,10876,5
3674,3861,5,13877,5,13837,5,6461,5,3306,5
2159,2145,5,7612,5,4937,5,2613,5,6848,5
2321,11748,5,7063,5,10643,5,11500,5,3752,5
4442,6793,5,10193,5,7065,5,7512,5,10249,5
1317,10281,5,2202,5,12313,5,7358,5,10264,5
117,11164,5,7094,5,12739,5,7851,5,3890,5
2179,8945,5,12949,5,11187,5,3681,5,10550,5
3467,1203,5,10802,5,13490,5,13774,5,4590,5
3606,441,5,7964,5,1520,5,12440,5,77,5
4886,3220,5,4892,5,9312,5,9613,5,2895,5
3863,1996,5,5900,5,12755,5,5888,5,10316,5
2062,8740,5,9430,5,1973,5,11137,5,11481,5
1343,920,5,537,5,5573,5,11351,5,6415,5
4792,10727,5,5312,5,13499,5,787,5,6577,5
1145,6119,5,4250,5,4288,5,11702,5,8282,5
1859,7091,5,11545,5,10109,5,2777,5,3513,5
3998,3387,5,149,5,2990,5,12575,5,11889,5
148,5649,5,4985,5,2963,5,9427,5,966,5
76,6024,5,13718,5,8340,5,9815,5,4415,5
1886,7810,5,10389,5,1196,5,2440,5,7357,5
1505,10288,5,4074,5,10085,5,11722,5,1349,5
4244,2994,5,1117,5,6492,5,9234,5,8209,5
2965,10634,5,13683,5,11935,5,5083,5,7276,5
1904,5349,5,3928,5,12847,5,6574,5,3288,5
1442,2121,5,10865,5,11472,5,6465,5,5266,5
1281,5079,5,2854,5,4973,5,2385,5,27,5
1493,2653,5,8670,5,11688,5,12674,5,3762,5
3106,1759,5,8229,5,1067,5,1969,5,2691,5
4011,1167,5,2029,5,5713,5,12153,5,4445,5
4563,8992,5,7585,5,2816,5,10091,5,13984,5
4412,6028,5,10659,5,12329,5,1500,5,11959,5
3556,11413,5,461,5,11882,5,10790,5,5777,5
2961,10162,5,10308,5,9321,5,10057,5,3914,5
2536,1165,5,6416,5,2864,5,13420,5,13466,5
4241,4894,5,4204,5,8560,5,2176,5,2532,5
1150,13896,5,4464,5,12402,5,11663,5,3968,5
4449,3332,5,2956,5,10537,5,8442,5,7034,5
908,13784,5,6347,5,498,5,3382,5,1584,5
2079,5540,5,4243,5,12696,5,9993,5,3957,5
3466,6706,5,2152,5,7003,5,2323,5,9564,5
619,929,5,6437,5,1616,5,10649,5,3622,5
335,7043,5,2235,5,9866,5,2374,5,13794,5
4958,13010,5,3012,5,8992,5,9617,5,6921,5
4827,1347,5,4839,5,7891,5,9624,5,771,5
4876,1266,5,8441,5,1875,5,2493,5,12595,5
3066,5742,5,139,5,407,5,9572,5,636,5
2931,2904,5,5972,5,10732,5,8215,5,6070,5
143,2953,5,9833,5,1864,5,13159,5,11007,5
1283,2076,5,13673,5,4460,5,9022,5,12657,5
4055,8295,5,7044,5,8996,5,4236,5,706,5
43,5318,5,5852,5,11904,5,3374,5,13508,5
839,7746,5,2051,5,10554,5,321,5,4052,5
3481,8755,5,2146,5,11953,5,10457,5,12229,5
1355,4458,5,8104,5,214,5,1600,5,6537,5
2288,6576,5,3723,5,5814,5,11346,5,6676,5
950,939,5,10591,5,8754,5,5372,5,11265,5
2280,6304,5,3583,5,3212,5,4555,5,10967,5
1972,11153,5,3685,5,11268,5,11452,5,2134,5
2719,2597,5,7266,5,9715,5,10108,5,9160,5
901,6620,5,4529,5,1714,5,974,5,4635,5
3063,8554,5,3763,5,6532,5,4109,5,648,5
3538,3628,5,10495,5,600,5,10861,5,9746,5
2098,8406,5,10024,5,5901,5,12290,5,9005,5
2220,9783,5,5804,5,7187,5,11662,5,12599,5
1727,7664,5,7109,5,10344,5,3615,5,3337,5
3321,13406,5,11571,5,7398,5,11749,5,11914,5
2320,6234,5,1977,5,7089,5,3912,5,3103,5
2321,6641,5,6987,5,10525,5,740,5,8636,5
4229,7064,5,11313,5,7894,5,4298,5,6485,5
513,1058,5,11079,5,11403,5,2182,5,9865,5
1855,2775,5,167,5,2515,5,10663,5,12356,5
81,13320,5,7318,5,11236,5,5047,5,11094,5
4618,1576,5,7005,5,13929,5,682,5,7936,5
115,7724,5,11968,5,9918,5,9346,5,5984,5
4024,12355,5,710,5,4876,5,7027,5,10071,5
1661,13715,5,12283,5,5747,5,8794,5,5751,5
1753,4007,5,8047,5,5646,5,8634,5,6326,5
1063,12869,5,11709,5,5813,5,1820,5,8582,5
1464,1803,5,10651,5,3231,5,8465,5,2791,5
2569,9851,5,4319,5,13080,5,1675,5,11072,5
4720,13038,5,1635,5,13508,5,5192,5,10687,5
645,9849,5,8384,5,13007,5,3163,5,13429,5
1774,6295,5,13336,5,11372,5,13269,5,3103,5
4211,10138,5,9562,5,13356,5,8033,5,11611,5
3099,662,5,1853,5,8739,5,6063,5,2214,5
1255,11938,5,13233,5,5931,5,12285,5,13212,5
449,13010,5,2782,5,655,5,2916,5,13326,5
3525,5439,5,5345,5,3511,5,11743,5,13295,5
4446,5012,5,3118,5,4599,5,7783,5,4984,5
426,12786,5,6925,5,12757,5,438,5,7394,5
4554,576,5,12143,5,2503,5,6312,5,1578,5
2698,9168,5,2763,5,7699,5,10355,5,7597,5
3846,8554,5,12287,5,11485,5,10892,5,11388,5
2944,12790,5,6113,5,1745,5,6964,5,11842,5
3862,11702,5,3637,5,6843,5,13231,5,7926,5
2793,8209,5,9745,5,3547,5,2645,5,7790,5
4203,11371,5,6358,5,6608,5,3263,5,3414,5
1961,10180,5,803,5,10243,5,3505,5,2855,5
2088,7909,5,159,5,2562,5,1422,5,12886,5
3174,10615,5,8201,5,1873,5,11299,5,11736,5
3780,1785,5,11502,5,7322,5,2189,5,5439,5
244,4790,5,5264,5,507,5,12907,5,2447,5
1114,1992,5,9824,5,13344,5,13792,5,4367,5
4740,3008,5,10852,5,529,5,1550,5,1390,5
501,2859,5,5328,5,4104,5,9053,5,4462,5
3048,4997,5,8931,5,2413,5,1518,5,12782,5
1514,13876,5,4421,5,13769,5,8464,5,1902,5
4965,10441,5,2173,5,12872,5,11151,5,9213,5
2636,11392,5,2615,5,3865,5,5623,5,8563,5
3345,11105,5,4538,5,13373,5,5093,5,1329,5
4265,5875,5,12607,5,1759,5,257,5,970,5
422,7525,5,2988,5,1677,5,13367,5,503,5
878,3536,5,11289,5,5846,5,8507,5,8717,5
906,7536,5,2838,5,6221,5,5788,5,9945,5
1326,34,5,2006,5,1590,5,6436,5,7542,5
988,401,5,7589,5,2213,5,8173,5,7706,5
4473,166,5,8996,5,13608,5,12845,5,4282,5
2121,1211,5,10307,5,54,5,2639,5,3000,5
3132,10137,5,12551,5,11939,5,8116,5,447,5
3976,11490,5,1787,5,6579,5,8010,5,5163,5
4950,12417,5,2347,5,2816,5,841,5,8884,5
775,11286,5,2325,5,6748,5,9925,5,5764,5
1454,12583,5,6248,5,12149,5,1828,5,4176,5
4887,10019,5,5677,5,4914,5,8310,5,649,5
2023,5144,5,9332,5,7308,5,8826,5,5775,5
795,8714,5,9673,5,6951,5,1635,5,12346,5
2616,12752,5,10790,5,3540,5,10817,5,2751,5
4330,5970,5,13091,5,8395,5,11517,5,12241,5
596,8908,5,172,5,6440,5,9292,5,1593,5
831,8671,5,4137,5,8761,5,4666,5,9690,5
3610,9054,5,953,5,13152,5,12477,5,2552,5
2993,11967,5,8023,5,3631,5,3756,5,5180,5
2096,761,5,12174,5,3833,5,9208,5,10209,5
3995,11013,5,271,5,820,5,3378,5,10562,5
960,1825,5,10923,5,3501,5,13507,5,1050,5
4073,7761,5,4874,5,7566,5,623,5,3674,5
435,3649,5,3778,5,1883,5,13023,5,11186,5
2096,5508,5,6819,5,5026,5,74,5,8006,5
1138,12459,5,11237,5,3970,5,10847,5,8690,5
271,10831,5,5448,5,7526,5,4900,5,11659,5
3761,1753,5,9957,5,913,5,7458,5,12343,5
4761,4394,5,3857,5,10356,5,1131,5,8745,5
2117,8020,5,11794,5,5470,5,8117,5,143,5
4823,4589,5,5047,5,5650,5,2147,5,5670,5
1339,4945,5,9159,5,8944,5,11448,5,10685,5
4952,11882,5,9226,5,7326,5,1159,5,11358,5
1213,6400,5,520,5,12292,5,3856,5,12198,5
2821,4949,5,12513,5,10024,5,1162,5,9700,5
94,1383,5,11048,5,10110,5,7547,5,9195,5
4197,10967,5,295,5,8164,5,3729,5,9944,5
4533,6287,5,1461,5,10815,5,9156,5,5258,5
4071,13687,5,9756,5,7925,5,8970,5,3090,5
1823,9868,5,12822,5,3625,5,13083,5,3389,5
3682,3610,5,3013,5,754,5,8372,5,718,5
2088,7683,5,4170,5,8746,5,6578,5,7515,5
1417,9676,5,12083,5,13296,5,2327,5,3495,5
2365,6620,5,11578,5,9137,5,7152,5,5724,5
254,10178,5,6620,5,7266,5,3454,5,6586,5
1550,6103,5,13741,5,13654,5,12591,5,8391,5
257,3932,5,5251,5,9830,5,7134,5,4161,5
2096,11170,5,577,5,144,5,12383,5,485,5
935,9307,5,12251,5,4935,5,8170,5,8136,5
3965,5517,5,4613,5,5500,5,7886,5,4654,5
4381,1670,5,6217,5,13734,5,11452,5,4046,5
839,11761,5,6967,5,10446,5,12281,5,2110,5
1531,10541,5,10468,5,2594,5,12709,5,13338,5
2314,5594,5,12942,5,5072,5,1257,5,2687,5
3436,13505,5,5912,5,10184,5,482,5,9410,5
3509,4535,5,2051,5,9147,5,10362,5,1406,5
2439,8116,5,13918,5,164,5,13576,5,1497,5
295,10707,5,11840,5,10249,5,804,5,4067,5
4107,2687,5,9103,5,726,5,119,5,12115,5
1044,9371,5,1479,5,7079,5,9942,5,13247,5
199,2118,5,11465,5,10761,5,8639,5,4827,5
2141,11318,5,11206,5,6599,5,12046,5,2609,5
3817,5395,5,4853,5,9490,5,2239,5,10540,5
631,13180,5,8579,5,1954,5,9852,5,10764,5
108,4058,5,6077,5,12860,5,9987,5,337,5
2695,7317,5,12617,5,9745,5,10092,5,481,5
4523,584,5,5707,5,6862,5,885,5,1963,5
316,13733,5,6122,5,1631,5,6901,5,1298,5
2263,3065,5,7187,5,10181,5,8458,5,9820,5
1386,677,5,33,5,2681,5,11967,5,2223,5
445,5551,5,3807,5,1255,5,2021,5,3376,5
3404,12837,5,3316,5,11706,5,10150,5,4574,5
753,9141,5,8084,5,4447,5,8327,5,10048,5
1731,243,5,3836,5,3531,5,1876,5,11719,5
815,7871,5,9406,5,3041,5,2431,5,10428,5
2311,2005,5,5830,5,11974,5,8182,5,350,5
1415,11122,5,9945,5,6813,5,5681,5,6234,5
962,10945,5,2015,5,11196,5,10782,5,1541,5
1417,6775,5,3666,5,9913,5,6243,5,7160,5
1103,13994,5,11611,5,10106,5,294,5,5958,5
1532,1131,5,6146,5,6528,5,3537,5,10492,5
1131,12967,5,10393,5,13783,5,13619,5,2014,5
3874,3078,5,4020,5,11355,5,13445,5,2410,5
2118,6663,5,6279,5,1723,5,7629,5,7187,5
4134,7988,5,12262,5,9390,5,2601,5,1013,5
3007,2370,5,6407,5,3556,5,4247,5,3915,5
1374,6367,5,2085,5,508,5,4831,5,11163,5
4968,7172,5,11301,5,4816,5,13103,5,12269,5
2579,6550,5,11547,5,10626,5,12550,5,7176,5
4510,9427,5,10265,5,8112,5,4724,5,1234,5
464,2315,5,12249,5,11152,5,4145,5,13010,5
4183,179,5,444,5,12866,5,8899,5,4966,5
3190,13004,5,13257,5,1745,5,4169,5,11324,5
2292,9348,5,11184,5,8447,5,3647,5,2508,5
1752,4778,5,4850,5,9017,5,16,5,12116,5
3328,8253,5,397,5,8001,5,5149,5,6670,5
1964,8584,5,9434,5,10757,5,2029,5,6203,5
412,8238,5,6607,5,1777,5,12609,5,7809,5
4457,10264,5,4179,5,2129,5,7631,5,6811,5
3427,11574,5,4341,5,3783,5,10327,5,2722,5
4961,6413,5,3891,5,5414,5,7796,5,7927,5
2044,9390,5,2290,5,9620,5,12887,5,8324,5
4403,6912,5,10061,5,13237,5,9470,5,5610,5
4900,2442,5,10034,5,3544,5,5151,5,2070,5
2435,12019,5,12,5,786,5,4709,5,12126,5
2058,3538,5,6834,5,410,5,5559,5,11915,5
1245,6324,5,2809,5,5679,5,11979,5,5900,5
3492,6077,5,10817,5,10393,5,5088,5,9518,5
2665,12094,5,5148,5,9772,5,3882,5,4734,5
3087,2034,5,1320,5,93,5,2650,5,6418,5
4321,8157,5,9913,5,12882,5,10122,5,13311,5
3807,5965,5,5732,5,11221,5,3701,5,13181,5
848,11293,5,13996,5,280,5,10472,5,13551,5
4963,950,5,10546,5,6710,5,3240,5,643,5
1230,13800,5,8781,5,12446,5,6955,5,300,5
4423,1974,5,9960,5,5684,5,11432,5,5242,5
